"geneid","exon_meth","intron_meth","mRNA_var","splice","common_name","peak_density_TSS","peak_density_Introns","peak_density_Intron1","peak_density_Exons","gene_len","exon_len","intron_len","TSS_dens_norm","intron_dens_norm","exon_dens_norm"
"SPU_000070",0.447982385569716,0,1,FALSE,"SP-MUCL",7,402.333333333333,112.333333333333,288.333333333333,19589,3132,16457,7,0.0244475501812805,0.0920604512558535
"SPU_000330",2.35522439732966,2.1538868925796,1,FALSE,"SP-HGFL",84.6666666666667,368.666666666667,120.666666666667,391.333333333333,17443,3470,13973,84.6666666666667,0.0263842171807534,0.112776176753122
"SPU_000409",0.595238095238096,1.01190476190476,1,FALSE,"SP-IL1R/RS1(D)",47.3333333333333,11,0,17.3333333333333,5773,1949,3824,47.3333333333333,0.0028765690376569,0.00889344963229006
"SPU_000419",3.97303186299759,1.6207682652161,1,FALSE,"SP-LMLM-2",43,386.333333333333,73.3333333333333,98,14058,1617,12441,43,0.0310532379497897,0.0606060606060606
"SPU_000471",1.02687525637682,2.71327276421415,1,FALSE,"SP-RDH10_1",60.6666666666667,31,0,17,4376,1175,3201,60.6666666666667,0.00968447360199937,0.014468085106383
"SPU_000484",0,0.40638464551508,1,FALSE,"SP-CYTB561",22.3333333333333,128.333333333333,86.6666666666667,67,7870,1304,6566,22.3333333333333,0.01954513148543,0.0513803680981595
"SPU_000645",1.9600223009314,0.663180528514489,1,FALSE,"SP-CYP27L_1",165.333333333333,960.333333333333,960.333333333333,0,40039,1545,38494,165.333333333333,0.0249476108830813,0
"SPU_000792",0.162337662337663,0.951086956521739,1,FALSE,"SP-RXFP1L",27.6666666666667,785.666666666667,0,412.666666666667,12662,1930,10732,27.6666666666667,0.0732078519070692,0.213816925734024
"SPU_000798",0,0.861528822055142,1,FALSE,"SP-GABBR1",72.6666666666667,1456.33333333333,590,56.6666666666667,54718,2501,52217,72.6666666666667,0.0278900230448577,0.0226576036252166
"SPU_000952",90.3006189213086,0.80530502567377,1,FALSE,"SP-CABLES1",9,215.333333333333,124.333333333333,117.666666666667,14820,1658,13162,9,0.0163602289419035,0.0709690390028146
"SPU_001041",94.9625317211524,2.97491305606055,1,FALSE,"SP-B3GALT1_16",62,1093.33333333333,175.666666666667,179,123293,2431,120862,62,0.00904612974577066,0.0736322501028383
"SPU_001057",1.54547213622291,2.90844696269895,1,FALSE,"SP-HYPP_324",44.6666666666667,55.6666666666667,0,20.6666666666667,6312,2286,4026,44.6666666666667,0.0138267925153171,0.00904053659959172
"SPU_001643",0.193246387380466,0.781893004115227,1,FALSE,"SP-C20ORF152L_1",20.3333333333333,263,0,137.333333333333,21031,3125,17906,20.3333333333333,0.0146878141405116,0.0439466666666667
"SPU_001774",0.954600954600954,1.55474629206891,2,TRUE,"SP-NACHA2_1",108.666666666667,769.333333333333,0,285.333333333333,18600,4588,14012,108.666666666667,0.0549053192501665,0.0621912234815461
"SPU_001785",1.64362519201229,7.77870138180092,1,FALSE,"SP-EGGBR1L",111.333333333333,582.333333333333,0,310,18537,4419,14118,111.333333333333,0.0412475799216131,0.0701516180131251
"SPU_001876",0.4249541543236,0.864660067251146,1,FALSE,"SP-HYPP_1351",71.3333333333333,357.333333333333,239.666666666667,69.6666666666667,17247,1367,15880,71.3333333333333,0.0225020990764064,0.0509631797122653
"SPU_001887",0.582050227527365,0.68014705882353,1,FALSE,"SP-CLECT/EGF_6",59.3333333333333,227,0,95.3333333333333,3234,841,2393,59.3333333333333,0.09486000835771,0.113357114546175
"SPU_001956",0.895691609977324,0.325630252100841,1,FALSE,"SP-CNGA3",95,392,392,0,21699,2569,19130,95,0.0204913748039728,0
"SPU_002025",0.27027027027027,12.3393916946919,1,FALSE,"SP-AGRIN/NT",182,1289,1289,67.3333333333333,76186,1984,74202,182,0.0173714994205008,0.0339381720430108
"SPU_002080",1.65479628543924,2.50892293229567,1,FALSE,"SP-NOTCHL_8",33.3333333333333,773.666666666667,122,331,17349,3430,13919,33.3333333333333,0.0555834949828771,0.0965014577259475
"SPU_002080",1.65479628543924,2.50892293229567,1,FALSE,"SP-NOTCHL_8",33.3333333333333,773.666666666667,122,331,17349,3430,13919,33.3333333333333,0.0555834949828771,0.0965014577259475
"SPU_002269",2.48225391410368,0,1,FALSE,"SP-C6ORF192L",98.3333333333333,429.333333333333,0,75,8730,1189,7541,98.3333333333333,0.0569332095654864,0.0630782169890664
"SPU_002444",0.319967266775777,1.7200769695829,1,FALSE,"SP-SYT9L",1.33333333333333,285.666666666667,184.333333333333,260.666666666667,19371,2495,16876,1.33333333333333,0.0169273919570198,0.104475617902472
"SPU_002550",1.24401913875598,0.740740740740741,1,FALSE,"SP-MACPFB.1",39,0,0,0,35620,1772,33848,39,0,0
"SPU_002583",0.99952046993946,14.0299499470218,1,FALSE,"SP-SLC22A3L",43.3333333333333,586.333333333333,147.666666666667,103.333333333333,12157,921,11236,43.3333333333333,0.0521834579328349,0.112196887441187
"SPU_002661",1.17922429531242,0,1,FALSE,"SP-SLC17A5_1",18.6666666666667,74.6666666666667,0,58.3333333333333,7805,1628,6177,18.6666666666667,0.0120878527872214,0.0358312858312858
"SPU_002739",0.5566534914361,2.14994700338509,1,FALSE,"SP-TMEM26-2",97.6666666666667,130,124.333333333333,57.6666666666667,11783,1200,10583,97.6666666666667,0.0122838514598885,0.0480555555555556
"SPU_002784",0,0.63767821463646,1,FALSE,NA,0,0,0,0,0,0,0,0,0,0
"SPU_002827",1.25380118491364,2.43663438920999,1,FALSE,NA,0,0,0,0,0,0,0,0,0,0
"SPU_002857",0.569196428571429,1.19363193424812,1,FALSE,"SP-GAD",113.333333333333,2211.66666666667,1109.66666666667,237.333333333333,44868,1855,43013,113.333333333333,0.0514185633800634,0.127942497753819
"SPU_002934",0.759983556495184,0,1,FALSE,"SP-HYPP_1421",39.6666666666667,14.3333333333333,0,101,4186,1046,3140,39.6666666666667,0.00456475583864119,0.0965583173996176
"SPU_003010",0.551470588235294,1.15336244904351,1,FALSE,"SP-SOAT",52.6666666666667,406.666666666667,57,207.666666666667,13159,1177,11982,52.6666666666667,0.033939798586769,0.176437269895214
"SPU_003108",0.181818181818182,0.884091011429451,1,FALSE,NA,0,0,0,0,0,0,0,0,0,0
"SPU_003383",2.53872761225703,0.753798637010315,1,FALSE,"SP-GAL3ST1L_3",68.6666666666667,0,0,0,1855,1033,822,68.6666666666667,0,0
"SPU_003475",2.1978021978022,1.55791031937821,1,FALSE,"SP-MRPL14L",26,863,10.3333333333333,191,22693,3339,19354,26,0.0445902655781751,0.0572027553159629
"SPU_003476",3.37506337506337,0.569067623786606,1,FALSE,"SP-MTL",172,1151,974.666666666667,62,21710,3757,17953,172,0.0641118476020721,0.0165025286132553
"SPU_003581",0,7.64870321127622,1,FALSE,"SP-PTPRMP",14.6666666666667,967.666666666667,0,291.333333333333,60995,3676,57319,14.6666666666667,0.0168821275086213,0.079252811026478
"SPU_003606",0.581069751030225,1.7373165289832,1,FALSE,"SP-CYP2L9",11.6666666666667,503.333333333333,0,20.3333333333333,39576,1937,37639,11.6666666666667,0.0133726542504672,0.0104973326449837
"SPU_003656",97.0887662813806,96.7484550215277,1,FALSE,"SP-HYPP_1467",20.3333333333333,336.666666666667,7,80.3333333333333,7080,1479,5601,20.3333333333333,0.0601083139915491,0.0543159792652693
"SPU_003708",0,0.374707259953162,2,TRUE,NA,0,0,0,0,0,0,0,0,0,0
"SPU_003753",1.51808973012997,0.545545580018007,1,FALSE,"SP-HYPP_1480",10,90.6666666666667,16,82,7827,1116,6711,10,0.013510157452938,0.0734767025089606
"SPU_003904",0.780570677562818,3.20152824896658,1,FALSE,"SP-SLC10A2_13",69.6666666666667,98,98,77,3320,1097,2223,69.6666666666667,0.0440845704003599,0.0701914311759344
"SPU_003907",1.08984582668793,0.282193958664546,1,FALSE,"SP-HYPP_3098",13.3333333333333,243.666666666667,243.666666666667,0,35243,11744,23499,13.3333333333333,0.010369235570308,0
"SPU_004025",94.4319597331311,96.1516113665592,1,FALSE,"SP-SLC5A7_1",6.66666666666667,312.666666666667,0,254.333333333333,15480,2141,13339,6.66666666666667,0.0234400379838569,0.118791841818465
"SPU_004148",0.538194444444444,1.16995073891626,1,FALSE,"SP-KRL",24,0,0,0,33363,1043,32320,24,0,0
"SPU_004404",0.688255100019805,0,1,FALSE,"SP-SLC16A12",113.333333333333,560.666666666667,313.666666666667,235.333333333333,18433,1616,16817,113.333333333333,0.0333392796971319,0.145627062706271
"SPU_004447",0.68537668707448,0.328947368421052,1,FALSE,"SP-LRP4L_3",164,0,0,0,13200,2118,11082,164,0,0
"SPU_004515",1.36272144976607,0.567765567765568,1,FALSE,"SP-GAL3ST1-3",53.6666666666667,158,69,161.333333333333,14312,1524,12788,53.6666666666667,0.0123553331248045,0.10586176727909
"SPU_004611",0,0.802429667519181,1,FALSE,"SP-LY/MAM/ZP",72,306,0,168.666666666667,33089,2423,30666,72,0.0099784777929955,0.069610675471179
"SPU_004746",0.992457497212932,0,1,FALSE,NA,0,0,0,0,0,0,0,0,0,0
"SPU_004897",0.58693092621664,0,1,FALSE,"SP-MT5/6/MMPL3",27.3333333333333,6.66666666666667,0,0,13135,1325,11810,27.3333333333333,0.000564493367202935,0
"SPU_004933",4.88967665661366,1.4984832002495,1,FALSE,"SP-HYPP_3086",49.6666666666667,155.666666666667,0,68,12378,6261,6117,49.6666666666667,0.0254482044575228,0.0108608848426769
"SPU_004942",0.530936454849498,1.0142843103766,1,FALSE,"SP-SAMD1L",166.666666666667,360,205,101,15881,2443,13438,166.666666666667,0.0267897008483405,0.0413426115431846
"SPU_004964",0.777875522144754,1.21188186813187,4,TRUE,"SP-PKG2",79.6666666666667,881,73,115,24008,1738,22270,79.6666666666667,0.0395599461158509,0.0661680092059839
"SPU_005196",0.166112956810631,0.995785118825433,1,FALSE,NA,0,0,0,0,0,0,0,0,0,0
"SPU_005200",0,0.923994012809803,1,FALSE,"SP-HYPP_3",45.6666666666667,111.333333333333,0,433,13684,4877,8807,45.6666666666667,0.0126414594451383,0.0887840885790445
"SPU_005239",0.759144237405107,0.246865203761756,1,FALSE,"SP-LDLA/LRR/GPCR_1",74.3333333333333,680.666666666667,680.666666666667,0,55255,3203,52052,74.3333333333333,0.0130766669228208,0
"SPU_005287",0,1.01414593014132,1,FALSE,"SP-ARSBL",10.6666666666667,877.333333333333,44.6666666666667,73,29632,1966,27666,10.6666666666667,0.0317116075086147,0.0371312309257375
"SPU_005295",97.1454458412194,91.9153353964615,1,FALSE,"SP-RAPH1L",78.3333333333333,882,0,0,136985,5040,131945,78.3333333333333,0.0066846034332487,0
"SPU_005296",99.5562421931497,3.34857951847713,1,FALSE,"SP-ATP5B",130,187,0,205.333333333333,7198,1562,5636,130,0.0331795599716111,0.131455399061033
"SPU_005418",0.845664847170783,1.19092411211976,1,FALSE,"SP-GDAP1L",101.666666666667,353.666666666667,0,45.3333333333333,39976,1317,38659,101.666666666667,0.0091483656242186,0.0344216654011643
"SPU_005423",0.511033497759161,3.21932945962648,1,FALSE,"SP-HAO1_4",25,159,0,82,5946,851,5095,25,0.031207065750736,0.0963572267920094
"SPU_005520",97.0646426743988,64.3665800137625,1,FALSE,NA,0,0,0,0,0,0,0,0,0,0
"SPU_005538",0.999216300940439,2.12010714131621,1,FALSE,"SP-LRR/IGR_2",90.3333333333333,102.666666666667,102.666666666667,168,6874,1933,4941,90.3333333333333,0.0207785198677731,0.0869115364718055
"SPU_005556",0,2.01629431817233,1,FALSE,"SP-SRCR44",0.333333333333333,131,131,0,30567,2832,27735,0.333333333333333,0.00472327384171624,0
"SPU_005841",0,0.196078431372549,1,FALSE,"SP-HYPP_1611",76.6666666666667,444,0,119.333333333333,3260,1043,2217,76.6666666666667,0.200270635994587,0.114413550655161
"SPU_005894",0.828250517811914,1.5798136704502,1,FALSE,"SP-HYPP_11",28.3333333333333,377,377,655.333333333333,27261,7343,19918,28.3333333333333,0.0189276031730093,0.0892459939171093
"SPU_005929",0.772094983878297,1.4298143346022,1,FALSE,"SP-HYPP_1618",50.3333333333333,207.666666666667,82.3333333333333,160,11789,4406,7383,50.3333333333333,0.0281276807079326,0.0363141171130277
"SPU_005955",3.50786545829649,0.611583091587236,1,FALSE,NA,0,0,0,0,0,0,0,0,0,0
"SPU_006020",1.52174417525295,14.3206186866625,1,FALSE,"SP-ADAM/TSL9",71.3333333333333,423,0,181.666666666667,11849,1246,10603,71.3333333333333,0.0398943695180609,0.145799892990904
"SPU_006283",1.88297154168367,0.0682011935208867,1,FALSE,"SP-HYPP_14",48,617.333333333333,0,176,84019,6915,77104,48,0.008006502040534,0.0254519161243673
"SPU_006284",3.38706650736404,2.00416934448454,1,FALSE,"SP-HYPP_15",38.6666666666667,19.3333333333333,0,234,6106,3296,2810,38.6666666666667,0.00688018979833926,0.070995145631068
"SPU_006465",1.13811728395062,0.876547340247574,1,FALSE,"SP-HYPP_482",46,55,0,29.6666666666667,16252,1476,14776,46,0.0037222523010287,0.0200993676603433
"SPU_006613",1.38633578431372,5.3644392653424,1,FALSE,"SP-HYPP_1669",54.6666666666667,313.333333333333,0,108.333333333333,16630,1536,15094,54.6666666666667,0.0207588004063425,0.0705295138888889
"SPU_006646",1.46145396086098,1.12644581277593,1,FALSE,"SP-FAM151BL",79,150,108,161.666666666667,15549,1617,13932,79,0.0107665805340224,0.0999793856936714
"SPU_006942",0.390151515151516,1.89988553113553,1,FALSE,"SP-HYPP_502",63,762,0,381.666666666667,15467,3414,12053,63,0.0632207749108106,0.111794571372779
"SPU_007004",0.192075015124017,1.63655561514972,1,FALSE,NA,0,0,0,0,0,0,0,0,0,0
"SPU_007022",2.0912999037999,0.328042328042328,1,FALSE,"SP-RDH8L",16.6666666666667,7,0,1.66666666666667,6061,2431,3630,16.6666666666667,0.00192837465564738,0.000685588920883039
"SPU_007284",1.09983324137736,1.16308178294471,1,FALSE,"SP-ALDH2_1",87.6666666666667,1200.33333333333,246.666666666667,241.666666666667,35224,2193,33031,87.6666666666667,0.0363396001735743,0.110199118407053
"SPU_007346",99.0592481922485,98.0253124675679,1,FALSE,"SP-HYPP_23",121.333333333333,332.333333333333,0,127.666666666667,16025,5288,10737,121.333333333333,0.0309521592002732,0.0241427130610187
"SPU_007407",10.8865868830132,4.38625711134033,1,FALSE,"SP-GCNT2_1",39.3333333333333,181,181,304.333333333333,16859,4463,12396,39.3333333333333,0.0146014843497903,0.0681903054746434
"SPU_007412",95.1170298627926,82.0864795797041,1,FALSE,"SP-UNC13AL",98.3333333333333,866,92,150,22250,2577,19673,98.3333333333333,0.0440197224622579,0.0582072176949942
"SPU_007523",0.126262626262626,78.6758145016271,1,FALSE,"SP-FLVCRL",138.666666666667,1992.66666666667,51.3333333333333,172.333333333333,39928,1605,38323,138.666666666667,0.0519966251772217,0.107372793354102
"SPU_007682",0,0.840646027936619,1,FALSE,"SP-CBPDEL",141,1528,1528,0,50042,2200,47842,141,0.0319384641110321,0
"SPU_007806",1.13122171945701,0.467073482080644,1,FALSE,"SP-HTR1L_1",51.3333333333333,2,2,114.666666666667,1877,1390,487,51.3333333333333,0.00410677618069815,0.0824940047961631
"SPU_007822",0,0.135623869801085,1,FALSE,NA,0,0,0,0,0,0,0,0,0,0
"SPU_007920",1.55303030303031,0.805422647527911,1,FALSE,"SP-IDS_1",40,21,0,54,4541,1565,2976,40,0.00705645161290323,0.0345047923322684
"SPU_007923",0.317460317460318,1.90615835777126,1,FALSE,"SP-HYPP_532",75.3333333333333,42.6666666666667,33.6666666666667,200.666666666667,6201,3008,3193,75.3333333333333,0.0133625639419564,0.0667109929078014
"SPU_008080",0.279208960578197,0.260057359894582,2,TRUE,"SP-B4GALT6",8.66666666666667,0,0,0,10433,2304,8129,8.66666666666667,0,0
"SPU_008552",0.213675213675213,0.661847062417269,1,FALSE,"SP-ISM",62.6666666666667,194.333333333333,26.3333333333333,222.666666666667,11098,1810,9288,62.6666666666667,0.0209230548377835,0.123020257826888
"SPU_008617",0.499080286012104,7.59292020901927,4,TRUE,"SP-GLYT_5",36,223.333333333333,0,174,24249,5173,19076,36,0.0117075557419445,0.0336361878987048
"SPU_008647",2.86733870154137,2.20095008852308,1,FALSE,NA,0,0,0,0,0,0,0,0,0,0
"SPU_008926",2.64322214351783,0.845198403247939,1,FALSE,"SP-LDLA/IG/GPCR",52,1366.66666666667,0,484,25065,4324,20741,52,0.0658920334924385,0.111933395004625
"SPU_008971",0.770261102864099,1.62608225108225,1,FALSE,"SP-GRIA1",81.6666666666667,224,0,458,10643,2830,7813,81.6666666666667,0.028670165109433,0.161837455830389
"SPU_009052",16.2829535971632,2.23747756075342,1,FALSE,"SP-EPDMNH2",100.333333333333,318.333333333333,0,7.66666666666667,867,549,318,100.333333333333,1.00104821802935,0.0139647844565877
"SPU_009272",0,2.14653017500315,1,FALSE,"SP-CHST11L_1",32.6666666666667,347.666666666667,0,79,7408,2082,5326,32.6666666666667,0.0652772562273126,0.0379442843419789
"SPU_009313",1.46522251694666,0.181818181818182,1,FALSE,"SP-CHRNA6L_1",17.3333333333333,102.666666666667,0,65.3333333333333,7931,1141,6790,17.3333333333333,0.0151202749140893,0.0572597137014315
"SPU_009319",1.40690804969621,0.469639468690702,2,TRUE,"SP-TRYP_SPC/LDL/CUB",51.6666666666667,390.666666666667,137.333333333333,562.666666666667,12553,4926,7627,51.6666666666667,0.0512215375202133,0.114223846257951
"SPU_009336",4.00311631004489,24.6962753798608,1,FALSE,"SP-SLC16A4_2",77,639.333333333333,0,246.666666666667,19473,1973,17500,77,0.0365333333333333,0.125021118432168
"SPU_009337",0.757708747528403,1.50526048928889,1,FALSE,"SP-HYPP_576",99.3333333333333,374,189.666666666667,191.666666666667,7543,2102,5441,99.3333333333333,0.0687373644550634,0.0911830003171583
"SPU_009430",0.485832074761294,1.26219263789008,1,FALSE,"SP-SLC22A3_8",200.333333333333,30.3333333333333,30.3333333333333,0,23343,1753,21590,200.333333333333,0.00140497143739386,0
"SPU_009464",1.30151721014493,1.83856806610452,1,FALSE,"SP-HYPP_47",69,2830.66666666667,1449,902,43632,6038,37594,69,0.075295703215052,0.149387214309374
"SPU_009513",97.3126915549647,98.9234678628802,1,FALSE,"SP-SEC24C",41.3333333333333,5.66666666666667,0,0.333333333333333,7526,1354,6172,41.3333333333333,0.000918124864981638,0.000246184145741014
"SPU_009531",1.25380118491364,2.43663438920999,1,FALSE,"SP-UGT2A2",41,542.666666666667,165.666666666667,217,21079,2686,18393,41,0.0295039779626307,0.080789277736411
"SPU_009540",0,1.22290883874514,1,FALSE,"SP-FAM55C_2",45.3333333333333,130.666666666667,130.666666666667,10.6666666666667,9683,1699,7984,45.3333333333333,0.0163660654642619,0.00627820286443006
"SPU_009599",0,0,1,FALSE,"SP-TRPV6L",110.666666666667,694.333333333333,396,227.333333333333,26875,2604,24271,110.666666666667,0.0286075288753382,0.0873015873015873
"SPU_009608",0.857654889912954,0.34647550776583,1,FALSE,"SP-HYPP_52",65.6666666666667,226.666666666667,0,45,21740,3280,18460,65.6666666666667,0.0122788010111954,0.013719512195122
"SPU_009773",0.314958463992958,0.25,1,FALSE,"SP-B4GALT5_1",25.3333333333333,132.333333333333,0,100,6649,1172,5477,25.3333333333333,0.0241616456697706,0.0853242320819113
"SPU_009822",98.6464646464647,99.5719589537851,1,FALSE,"SP-EHD3",145,1446,48.6666666666667,162,23677,1302,22375,145,0.0646256983240223,0.124423963133641
"SPU_009902",1.45771626034784,2.28563793570803,1,FALSE,NA,0,0,0,0,0,0,0,0,0,0
"SPU_010061",3.06930006930006,1.35582010582011,1,FALSE,"SP-HYPP_1896",118.333333333333,309.333333333333,22.6666666666667,165.666666666667,11561,1497,10064,118.333333333333,0.0307366189719131,0.110665775996437
"SPU_010099",1.15151515151515,0.436808503368901,1,FALSE,"SP-CLECT_103",88.3333333333333,85.3333333333333,0,26.3333333333333,4887,586,4301,88.3333333333333,0.0198403472060761,0.0449374288964733
"SPU_010137",0.397131825703254,0.347985347985349,1,FALSE,"SP-SLC20A1_3",82,0,0,16,10810,1322,9488,82,0,0.0121028744326778
"SPU_010218",1.35198828621742,1.46214013476034,1,FALSE,"SP-HYPP_1904",24.6666666666667,43.3333333333333,0,0.333333333333333,5021,1603,3418,24.6666666666667,0.0126779793251414,0.000207943439384487
"SPU_010554",2.6291223618081,1.01627384960718,2,TRUE,"SP-SARL/COADS",115,648,342,431.333333333333,10635,992,9643,115,0.0671990044591932,0.434811827956989
"SPU_010750",0.302343159486016,1.392956002331,1,FALSE,"SP-PROTEASE",161.333333333333,784,0,228.666666666667,15627,2742,12885,161.333333333333,0.0608459448971672,0.0833941162168733
"SPU_010994",0.26026026026026,3.66814027226852,1,FALSE,"SP-SRCR98",54,20,0,45,5091,2284,2807,54,0.00712504453152832,0.0197022767075306
"SPU_011124",0.883746355685131,36.0807061321354,1,FALSE,"SP-P70RSK",96.6666666666667,418.333333333333,0,131.666666666667,20797,4449,16348,96.6666666666667,0.0255892667808498,0.0295946654678954
"SPU_011137",0.338910926794086,0.580357142857142,1,FALSE,"SP-SLC16A10L",115.333333333333,219.666666666667,0,154,8370,1778,6592,115.333333333333,0.0333232200647249,0.0866141732283465
"SPU_011160",0,0,1,FALSE,NA,0,0,0,0,0,0,0,0,0,0
"SPU_011332",1.13332271471266,1.47355803576349,1,FALSE,NA,0,0,0,0,0,0,0,0,0,0
"SPU_011347",0.563010796085158,0.934883568812142,1,FALSE,"SP-PIPOX",70,505.666666666667,121,144.333333333333,18914,1190,17724,70,0.02853005341157,0.121288515406162
"SPU_011588",0.832812793597107,0.767425064983791,1,FALSE,"SP-SPC39L",43,3250.33333333333,0,1630.33333333333,74584,11500,63084,43,0.0515238940671697,0.141768115942029
"SPU_011618",62.8899505703994,74.9246743030507,1,FALSE,"SP-HYPP_8991",61.6666666666667,4.66666666666667,4.66666666666667,550,5077,3029,2048,61.6666666666667,0.00227864583333333,0.181578078573787
"SPU_011771",0.622661740898681,1.92759443185776,1,FALSE,NA,0,0,0,0,0,0,0,0,0,0
"SPU_011874",90.9332250134394,93.4241385304446,1,FALSE,"SP-C3ORF58L",117,1623.33333333333,835.333333333333,78.3333333333333,42454,1597,40857,117,0.0397320736552692,0.0490503026508036
"SPU_011937",72.7835214899897,83.112645133163,1,FALSE,"SP-ATAXIA1",165,730.666666666667,0,291.666666666667,16837,2579,14258,165,0.051246084069762,0.113092930076257
"SPU_011971",0,1.51356618238652,1,FALSE,"SP-CLECT/LDL_6A",44.3333333333333,863.333333333333,487,101.333333333333,45788,4124,41664,44.3333333333333,0.0207213261648746,0.0245716133204009
"SPU_012004",2.46602695804077,2.22533004397993,1,FALSE,"SP-MRPL",358.666666666667,569.666666666667,0,26.6666666666667,107717,7570,100147,358.666666666667,0.00568830485852463,0.00352267723469837
"SPU_012271",0,0,1,FALSE,NA,0,0,0,0,0,0,0,0,0,0
"SPU_012348",1.63365656821735,3.86752308657313,2,TRUE,"SP-FMO5_1",113.333333333333,81.3333333333333,0,208,7441,2601,4840,113.333333333333,0.0168044077134986,0.0799692425990004
"SPU_012549",0.0618776671408253,0.787139652471105,1,FALSE,"SP-MT1-4/MMPL4",51.3333333333333,930,0,367.333333333333,12319,1572,10747,51.3333333333333,0.0865357774262585,0.233672603901612
"SPU_012654",0.480769230769231,5.8885438192646,1,FALSE,"SP-EGFIB",43,332,0,37.6666666666667,34219,1827,32392,43,0.0102494443072364,0.0206166757890896
"SPU_012727",1.89472624798712,1.03130016051364,1,FALSE,"SP-TST_1",116.333333333333,2040,0,123.666666666667,7092,926,6166,116.333333333333,0.330846578008433,0.133549316054716
"SPU_012743",0.417468088826718,0.63906048312742,1,FALSE,"SP-ARS_3",113,123.666666666667,0,183.666666666667,10233,2102,8131,113,0.0152092813512073,0.0873771011734856
"SPU_012799",0.175108639742671,2.32351609742914,1,FALSE,"SP-ORXN/HPCLR1",28.6666666666667,207,166.666666666667,45.3333333333333,19406,1389,18017,28.6666666666667,0.0114891491369262,0.0326373890088793
"SPU_012874",0,1.6975222547141,1,FALSE,"SP-ABCG9",46,462.666666666667,39,254.333333333333,11025,1450,9575,46,0.0483202785030461,0.175402298850575
"SPU_012951",0.97069597069597,0.97756325299884,1,FALSE,"SP-PAN/CLECT",30.3333333333333,519.666666666667,0,298,22514,3993,18521,30.3333333333333,0.0280582401958138,0.0746306035562234
"SPU_013152",0,0,1,FALSE,"SP-HYPP_705",101,20.3333333333333,20.3333333333333,15,5222,1861,3361,101,0.00604978676981057,0.00806018269747448
"SPU_013286",0.14992503748126,1.60681056263973,1,FALSE,"SP-HYPP_88",112.666666666667,544.333333333333,1,400,17647,3354,14293,112.666666666667,0.0380839105389585,0.119260584376863
"SPU_013334",1.08408249603384,13.0559957600014,1,FALSE,"SP-MUCL_4",58,966.333333333333,197.333333333333,340.666666666667,28709,2806,25903,58,0.0373058461696843,0.121406509859824
"SPU_013442",7.19615693848869,1.20254656774808,2,TRUE,"SP-HYPP_92",96,352,3.66666666666667,98.6666666666667,20040,3791,16249,96,0.0216628715613268,0.0260265541194056
"SPU_013464",0.290404040404041,0.749283185457392,1,FALSE,"SP-PHOX2",140.666666666667,1066,1057,68.3333333333333,17758,478,17280,140.666666666667,0.0616898148148148,0.142956764295676
"SPU_013625",0.284695588719097,1.43015031406772,1,FALSE,"SP-ASPL_1",7,565.666666666667,0,93.3333333333333,16150,1336,14814,7,0.0381846001530084,0.0698602794411178
"SPU_013711",1.0526973026973,2.22222222222222,2,TRUE,NA,0,0,0,0,0,0,0,0,0,0
"SPU_013873",0.397660818713451,1.75720588476211,1,FALSE,NA,0,0,0,0,0,0,0,0,0,0
"SPU_014092",0.692425710594315,0.841750841750842,1,FALSE,"SP-CYP3L16",63.3333333333333,259,37,41.3333333333333,22176,1512,20664,63.3333333333333,0.0125338753387534,0.027336860670194
"SPU_014213",0,1.74959677962878,1,FALSE,"SP-EGF/ZP",64.3333333333333,0,0,0,24071,1239,22832,64.3333333333333,0,0
"SPU_014377",3.52266438785486,0.279950188232464,1,FALSE,"SP-HYPP_753",25,719.333333333333,203.666666666667,43.3333333333333,54727,2228,52499,25,0.0137018482891738,0.0194494314781568
"SPU_014399",2.35082733358595,0,1,FALSE,"SP-CBR1_2",50,143,0,61.6666666666667,6563,1304,5259,50,0.0271914812702035,0.0472903885480573
"SPU_014415",1.34600893222591,1.0358458961474,1,FALSE,"SP-HYPP_100",143.666666666667,1392.33333333333,44,814.333333333333,31560,5638,25922,143.666666666667,0.0537124193092097,0.144436561428403
"SPU_014476",0.653846153846153,1.37453095434088,1,FALSE,"SP-SLC6A6",68.6666666666667,530,465,188.333333333333,15837,1526,14311,68.6666666666667,0.0370344490252254,0.123416339012669
"SPU_014650",0.852950928381963,0.756019818956368,1,FALSE,"SP-GABRA1",39,236.333333333333,3.66666666666667,74.6666666666667,197794,1684,196110,39,0.00120510597793755,0.0443388756927949
"SPU_014689",1.77811674707358,0.248905099818289,1,FALSE,"SP-CNDREP",58.3333333333333,276.333333333333,111.333333333333,195.666666666667,11923,1739,10184,58.3333333333333,0.0271340665095575,0.11251677209124
"SPU_014829",0.0740740740740741,3.35679851073939,1,FALSE,"SP-SRCR116",25,832,0,217.666666666667,20431,2209,18222,25,0.0456590934035781,0.0985362909310397
"SPU_014877",0,0.661745661745662,1,FALSE,"SP-CHRNA9_3",59.3333333333333,217.666666666667,3.66666666666667,207.666666666667,9005,1390,7615,59.3333333333333,0.0285839352155833,0.149400479616307
"SPU_014960",93.4047619047619,98.3964150923648,1,FALSE,"SP-HYPP_769",0.666666666666667,763,159.666666666667,442.333333333333,17367,2707,14660,0.666666666666667,0.0520463847203274,0.163403521733777
"SPU_014984",0.601188697681827,24.7421100481268,1,FALSE,NA,0,0,0,0,0,0,0,0,0,0
"SPU_015280",0,3.62343432487925,1,FALSE,"SP-HYPP_778",68.6666666666667,110.666666666667,110.666666666667,13.6666666666667,6333,2059,4274,68.6666666666667,0.0258929964124162,0.0066375263072689
"SPU_015325",68.9641367137356,60.1509864248192,1,FALSE,"SP-SRCR124",130.666666666667,486.666666666667,130.333333333333,82.3333333333333,21127,803,20324,130.666666666667,0.0239454175687201,0.102532171025322
"SPU_015341",95.4589400701371,88.518813673166,1,FALSE,"SP-APN1",87.6666666666667,190,0,104.666666666667,17026,2690,14336,87.6666666666667,0.0132533482142857,0.038909541511772
"SPU_015352",2.5064935064935,0.243317606501531,1,FALSE,NA,0,0,0,0,0,0,0,0,0,0
"SPU_015471",0.980392156862745,0,1,FALSE,"SP-HYPP_2215",34.3333333333333,189,10,21,8334,901,7433,34.3333333333333,0.0254271491995157,0.02330743618202
"SPU_015712",0.411797003686564,0.264550264550264,1,FALSE,NA,0,0,0,0,0,0,0,0,0,0
"SPU_015737",1.61690510327238,1.31884057971014,1,FALSE,"SP-BBOX1_4",77,126,0,78.6666666666667,7803,1418,6385,77,0.0197337509788567,0.0554771979313587
"SPU_015738",0.539971949509116,0.382165605095542,1,FALSE,"SP-BBOX1_5",86.3333333333333,259.333333333333,18.3333333333333,245,8326,1439,6887,86.3333333333333,0.037655486181695,0.170257123002085
"SPU_015763",0.727997613519092,3.03827499403927,2,TRUE,"SP-MSP130R5",57.6666666666667,385.666666666667,0,137,20506,4012,16494,57.6666666666667,0.023382240006467,0.0341475573280159
"SPU_015893",1.77124679593844,0,1,FALSE,NA,0,0,0,0,0,0,0,0,0,0
"SPU_015943",0.152606098552045,0.337478741496599,1,FALSE,NA,0,0,0,0,0,0,0,0,0,0
"SPU_015974",0,2.37181975633063,1,FALSE,"SP-TDC1",56.6666666666667,0,0,0,11967,1135,10832,56.6666666666667,0,0
"SPU_016091",1.00505529343845,0.127226463104326,1,FALSE,"SP-SCDFR2L_1",7,365.666666666667,0,73.6666666666667,18691,1348,17343,7,0.0210843952411155,0.054648862512364
"SPU_016099",1.77025450310558,1.47854065468237,1,FALSE,"SP-HYPP_812",68.3333333333333,607.333333333333,289,270,19794,2210,17584,68.3333333333333,0.034538974825599,0.122171945701357
"SPU_016105",1.09446836788534,1.37925030247939,1,FALSE,NA,0,0,0,0,0,0,0,0,0,0
"SPU_016481",1.79009737313187,3.52039896206762,1,FALSE,"SP-ECHN34",74.3333333333333,587.666666666667,0,54,20385,2576,17809,74.3333333333333,0.032998296741348,0.0209627329192547
"SPU_016527",1.50377073906486,3.10332298539996,1,FALSE,"SP-TSP1/LAMGAP",87.6666666666667,622,315.666666666667,390,7704,3364,4340,87.6666666666667,0.14331797235023,0.115933412604043
"SPU_016627",0.347827959768258,1.92759443185776,1,FALSE,NA,0,0,0,0,0,0,0,0,0,0
"SPU_016681",0,1.57539384846212,1,FALSE,"SP-CLECT/EGF_3",9.66666666666667,650.333333333333,2,330.666666666667,38871,5359,33512,9.66666666666667,0.0194059839261558,0.061703054052373
"SPU_016702",0,0,1,FALSE,"SP-RDH8_1",27,0,0,32.6666666666667,3381,845,2536,27,0,0.0386587771203156
"SPU_016799",0.46875,1.50964247640077,1,FALSE,"SP-ARSB",98.6666666666667,194.666666666667,2,150.333333333333,7651,3185,4466,98.6666666666667,0.0435885953127332,0.0472004186289901
"SPU_017070",1.05502136752137,2.00482125960152,1,FALSE,"SP-ANL8_1",85.6666666666667,488.333333333333,0,97.6666666666667,17311,2130,15181,85.6666666666667,0.0321674022352502,0.0458528951486698
"SPU_017204",97.8767773039036,97.9489648460449,1,FALSE,"SP-HYPP_3046",101.666666666667,116,116,19.6666666666667,27278,6520,20758,101.666666666667,0.00558820695635418,0.00301635991820041
"SPU_017258",1.57340117621296,2.64866360381394,1,FALSE,"SP-SLSP_1",74.3333333333333,473,0,118.666666666667,15215,2365,12850,74.3333333333333,0.0368093385214008,0.0501761804087386
"SPU_017326",0.285548429898275,0,3,TRUE,"SP-TRPC5_1",50.3333333333333,457,114.333333333333,265,16549,4517,12032,50.3333333333333,0.0379820478723404,0.0586672570290016
"SPU_017374",0,1.54855911600229,1,FALSE,"SP-FMO3",2.33333333333333,272,0,26.3333333333333,20439,3310,17129,2.33333333333333,0.0158795025979333,0.00795568982880161
"SPU_017411",92.8194286766344,64.313407074366,1,FALSE,"SP-SFRS17A",89.6666666666667,154.666666666667,0,221.333333333333,7160,2733,4427,89.6666666666667,0.0349371282282961,0.0809854860348823
"SPU_017585",0.688422470815763,0.677368056423502,1,FALSE,"SP-CASR",141.666666666667,4004,0,255,94226,2758,91468,141.666666666667,0.0437748720864127,0.0924583031182016
"SPU_017624",0,1.53478117632413,1,FALSE,"SP-PROKR1",90.3333333333333,1245,1245,302.666666666667,26682,1282,25400,90.3333333333333,0.0490157480314961,0.236089443577743
"SPU_017761",17.6943949721674,12.8732474254533,1,FALSE,"SP-XERDL",45.6666666666667,0,0,7.33333333333333,4752,1388,3364,45.6666666666667,0,0.00528338136407301
"SPU_017784",1.24167634678246,0,1,FALSE,"SP-ARSB_2",16.3333333333333,90.6666666666667,0,27.3333333333333,9464,3371,6093,16.3333333333333,0.0148804639203458,0.00810837535844952
"SPU_017830",86.0868266209703,79.5147373366468,1,FALSE,"SP-CSTF2",38,267.666666666667,105,340.333333333333,8760,3209,5551,38,0.0482195400228187,0.106055884491534
"SPU_018070",0.42619825708061,1.32016788681959,1,FALSE,"SP-FN3_5",80,719.333333333333,0,6.66666666666667,27008,3622,23386,80,0.0307591436471963,0.00184060371801951
"SPU_018156",0,0.890895171591043,1,FALSE,"SP-MT5/6L1",14.3333333333333,394.333333333333,0,504.333333333333,46535,6272,40263,14.3333333333333,0.00979393818973582,0.0804102891156463
"SPU_018250",0.681061837319093,0,1,FALSE,NA,0,0,0,0,0,0,0,0,0,0
"SPU_018353",99.4548337099373,98.5478016591092,1,FALSE,NA,0,0,0,0,0,0,0,0,0,0
"SPU_018396",0.628164233427391,47.2105043896106,1,FALSE,"SP-SLC22A3_7",121.333333333333,705,536.666666666667,123,45478,1443,44035,121.333333333333,0.016009992051777,0.0852390852390852
"SPU_018442",1.3991273685111,2.38979084063595,1,FALSE,NA,0,0,0,0,0,0,0,0,0,0
"SPU_018648",1.48355055497913,0.934550450910253,1,FALSE,"SP-CUB/ZP",25,2564,6.66666666666667,439.666666666667,62961,3127,59834,25,0.0428518902296353,0.140603347191131
"SPU_018768",0.254633360193392,0.681647306125155,1,FALSE,"SP-APDPL_1",40.3333333333333,673.333333333333,0,143.666666666667,25603,2795,22808,40.3333333333333,0.0295218052145446,0.0514013118664281
"SPU_018791",0,1.98491509218266,1,FALSE,"SP-SLC5A12_2",75,643.666666666667,0,161.666666666667,18270,1971,16299,75,0.0394911753277297,0.0820226619313377
"SPU_018932",84.2342458310507,86.5268482758194,1,FALSE,"SP-AHNAKL",263.333333333333,1920,794,1170,41492,14661,26831,263.333333333333,0.0715590175543215,0.0798035604665439
"SPU_018981",1.26335539379018,1.59938123540242,1,FALSE,"SP-ARL11L2",124,1070.33333333333,578,103,26594,1669,24925,124,0.0429421598127716,0.0617136009586579
"SPU_019106",1.04981884057971,7.31990636616829,1,FALSE,"SP-SLSP_7",37,593,65.3333333333333,129,17507,2401,15106,37,0.0392559247980935,0.0537276134943773
"SPU_019295",1.05335157318741,0.684849424768779,1,FALSE,"SP-ANGPTL1",13.6666666666667,546.666666666667,546.666666666667,0,55944,1907,54037,13.6666666666667,0.0101165250970014,0
"SPU_019348",0,1.23230678786234,1,FALSE,"SP-SUG",104.666666666667,164,99.3333333333333,214.666666666667,10944,1916,9028,104.666666666667,0.0181657066902969,0.112038970076548
"SPU_019370",1.10916805260706,0.317000019380972,1,FALSE,"SP-SRCR152",23.6666666666667,0,0,0,7719,2113,5606,23.6666666666667,0,0
"SPU_019581",1.39481182823431,3.94588884113218,1,FALSE,"SP-CLCA_11",81.6666666666667,553,206.666666666667,414.666666666667,21938,2864,19074,81.6666666666667,0.0289923456013421,0.144785847299814
"SPU_019723",0.3937776409265,1.76087247880222,1,FALSE,"SP-DIOXG",73.3333333333333,622.333333333333,0,169,10658,702,9956,73.3333333333333,0.0625083701620463,0.240740740740741
"SPU_019914",1.83333333333333,1.36514485951089,1,FALSE,"SP-TDO2",43.6666666666667,302.333333333333,0,104.333333333333,10169,1193,8976,43.6666666666667,0.0336824123588829,0.0874545962559374
"SPU_019922",2.41625351238251,1.93210278501302,1,FALSE,"SP-HYPP_2472",44,0,0,0,2348,984,1364,44,0,0
"SPU_019995",0,9.20803991480361,1,FALSE,"SP-SYT5",73.6666666666667,235.666666666667,0,254.333333333333,8701,1306,7395,73.6666666666667,0.0318683795357223,0.194742215416029
"SPU_020107",2.61634420387034,0.755259337608729,1,FALSE,"SP-ACHE_4",87.6666666666667,304.666666666667,0,222.333333333333,11981,1649,10332,87.6666666666667,0.0294876758291392,0.134829189407722
"SPU_020139",1.20408163265306,0.887580055735703,2,TRUE,"SP-COLA2L_2",120.333333333333,92.3333333333333,0,81.3333333333333,5863,1476,4387,120.333333333333,0.0210470329002355,0.0551038843721771
"SPU_020202",0,1.67715915797757,2,TRUE,"SP-HYPP_2495",32,355.333333333333,117,94.6666666666667,13199,1330,11869,32,0.0299379335523914,0.0711779448621554
"SPU_020480",96.870474075372,1.71227874373434,1,FALSE,"SP-Z77",107.666666666667,270.666666666667,14.6666666666667,204.333333333333,54485,5309,49176,107.666666666667,0.00550403991106773,0.0384881019652163
"SPU_020502",98.0335935993831,96.5129541575064,1,FALSE,NA,0,0,0,0,0,0,0,0,0,0
"SPU_020597",1.12037309843206,2.11900630856596,1,FALSE,"SP-SRCR159",117.666666666667,341.333333333333,0,337,28986,5165,23821,117.666666666667,0.0143290933769923,0.0652468538238141
"SPU_020603",0.7020757020757,3.05143858358936,3,TRUE,"SP-LRP6L_1",27.3333333333333,417,0,115.666666666667,19118,2516,16602,27.3333333333333,0.0251174557282255,0.0459724430312666
"SPU_020752",0,0.957051004624935,1,FALSE,"SP-CYP2L43P",15.6666666666667,139.666666666667,0,3.33333333333333,16884,1465,15419,15.6666666666667,0.00905808850552349,0.00227531285551763
"SPU_020920",0,83.2389224360692,3,TRUE,"SP-ACTININ",112,2298.66666666667,1484.66666666667,109.666666666667,51582,5415,46167,112,0.0497902542219912,0.0202523853493383
"SPU_021033",0.500408496732026,0,1,FALSE,"SP-ACHE_25",80,506.666666666667,55.3333333333333,277,13607,1752,11855,80,0.0427386475467454,0.15810502283105
"SPU_021044",0.528924748193851,1.94732778922531,1,FALSE,NA,0,0,0,0,0,0,0,0,0,0
"SPU_021156",0.486513621359268,0.645529660012571,1,FALSE,"SP-ARRDC3_3",76.3333333333333,279.333333333333,279.333333333333,0,23720,1229,22491,76.3333333333333,0.012419782727906,0
"SPU_021178",2.70266209650717,0,2,TRUE,"SP-TLRL_2",74.3333333333333,12.6666666666667,12.6666666666667,0,12881,2701,10180,74.3333333333333,0.00124426981008513,0
"SPU_021185",5.60979605020303,0.813492063492063,1,FALSE,"SP-CYP17R3",36.3333333333333,255.333333333333,0,135,10126,1097,9029,36.3333333333333,0.028279248347916,0.12306289881495
"SPU_021222",98.2515222482436,96.2806501635792,1,FALSE,NA,0,0,0,0,0,0,0,0,0,0
"SPU_021229",0.792072510822513,0.258753502091695,1,FALSE,"SP-CF5/8L2",73,835.333333333333,0,714.666666666667,23853,5413,18440,73,0.0453000723065799,0.132027834226245
"SPU_021297",0.154320987654321,1.93958960546424,1,FALSE,NA,0,0,0,0,0,0,0,0,0,0
"SPU_021846",0.846569688481454,0,1,FALSE,"SP-GHDCL",73.3333333333333,177.666666666667,0,176,6707,1964,4743,73.3333333333333,0.0374587110829995,0.0896130346232179
"SPU_021993",0.76058201058201,0.227272727272727,1,FALSE,"SP-FBGP_1",62.6666666666667,210,26.3333333333333,22.3333333333333,13868,1064,12804,62.6666666666667,0.0164011246485473,0.0209899749373434
"SPU_022013",94.5170486576338,25.1091004583652,1,FALSE,"SP-HYPP_179",126.333333333333,1107.33333333333,0,1038.66666666667,47714,8891,38823,126.333333333333,0.0285226111669199,0.116822254714505
"SPU_022125",0.842290337529777,0.805806512328254,1,FALSE,NA,0,0,0,0,0,0,0,0,0,0
"SPU_022376",1.50969505186488,0,1,FALSE,"SP-KPLR2",119.333333333333,398.666666666667,396,62.3333333333333,13404,1216,12188,119.333333333333,0.032709769171863,0.0512609649122807
"SPU_022413",1.10714285714286,1.40604764527178,1,FALSE,"SP-PHLPB_2",96.3333333333333,411.666666666667,0,112.333333333333,11495,2870,8625,96.3333333333333,0.0477294685990338,0.0391405342624855
"SPU_022495",0.365363536719036,12.6488095238095,1,FALSE,NA,0,0,0,0,0,0,0,0,0,0
"SPU_022669",100,83.4546770213426,1,FALSE,"SP-MTMR6/7/8",88.3333333333333,21.3333333333333,21.3333333333333,2,38847,2222,36625,88.3333333333333,0.000582480091012514,0.0009000900090009
"SPU_022798",0.824585315953251,0.816152611575891,1,FALSE,"SP-HUNKC",24.3333333333333,2110.66666666667,2110.66666666667,0,141473,3629,137844,24.3333333333333,0.015311995202306,0
"SPU_022882",5.02929880429879,0.753787878787879,1,FALSE,"SP-COLF_7",11,769.333333333333,276.666666666667,120.333333333333,8365,2043,6322,11,0.121691447854055,0.0589003100016316
"SPU_022951",0,1.12701693449863,1,FALSE,NA,0,0,0,0,0,0,0,0,0,0
"SPU_023052",0.263157894736842,1.34163354663691,1,FALSE,NA,0,0,0,0,0,0,0,0,0,0
"SPU_023101",0.385932335084878,1.17063492063492,1,FALSE,"SP-SLSP_15",11.3333333333333,165.666666666667,0,82.6666666666667,8773,986,7787,11.3333333333333,0.0212747741963101,0.0838404327248141
"SPU_023184",0.344447809381884,2.13031748253613,1,FALSE,"SP-ECHN11",15,397.333333333333,0,240.333333333333,7410,1940,5470,15,0.0726386349786715,0.123883161512027
"SPU_023380",1.3929300797281,3.32191812310949,1,FALSE,"SP-SEC14L2_4",18.3333333333333,110.666666666667,0,32.3333333333333,8561,1176,7385,18.3333333333333,0.0149853306251411,0.0274943310657596
"SPU_023490",0,1.39823167651205,1,FALSE,"SP-PNLIPRP1_1",70.3333333333333,497,68.3333333333333,111,8301,978,7323,70.3333333333333,0.0678683599617643,0.113496932515337
"SPU_023505",0.364298724954462,1.21799251773972,1,FALSE,"SP-MT5/MMPL1",141.333333333333,1315.66666666667,539,86.3333333333333,35787,2718,33069,141.333333333333,0.0397854990071265,0.0317635516311013
"SPU_023651",0.0677506775067751,0,1,FALSE,"SP-TRPC_1",54.3333333333333,627.666666666667,0,364,12646,3136,9510,54.3333333333333,0.0660007010164739,0.116071428571429
"SPU_023689",2.42857142857142,1.09950886691124,1,FALSE,"SP-SLC24A4",78,405.666666666667,0,292.666666666667,3484,962,2522,78,0.160851176315094,0.304227304227304
"SPU_023881",84.6625675459902,95.3739545137157,1,FALSE,"SP-NOLC1",3.33333333333333,163.333333333333,0,35.6666666666667,6275,2384,3891,3.33333333333333,0.0419772123704275,0.0149608501118568
"SPU_023941",96.254510673449,90.8853381809,1,FALSE,"SP-MYT1",16,1175.33333333333,7,89.6666666666667,200861,5747,195114,16,0.00602382880435711,0.0156023432515515
"SPU_023972",0.590054390054392,3.06734003256382,1,FALSE,"SP-GPR51_2",35.6666666666667,0,0,0,23312,2533,20779,35.6666666666667,0,0
"SPU_024151",0.0811688311688312,0.761339813498487,1,FALSE,"SP-ST14L_3",74.3333333333333,692.666666666667,139,312.333333333333,25684,2551,23133,74.3333333333333,0.0299427945647632,0.122435646151836
"SPU_024266",0.83173687300822,2.32779191679664,1,FALSE,"SP-HYPP_2720",92.3333333333333,768.333333333333,0,102,18421,1578,16843,92.3333333333333,0.0456173682439787,0.064638783269962
"SPU_024837",0.457875457875458,1.09127823969094,1,FALSE,"SP-B4GALT6_7",42.6666666666667,979.333333333333,0,192,7189,958,6231,42.6666666666667,0.157171133579415,0.200417536534447
"SPU_024949",1.07625482625483,1.81999302715988,1,FALSE,"SP-SIAT7E",44.6666666666667,766.666666666667,36.3333333333333,153.666666666667,27059,1803,25256,44.6666666666667,0.0303558230387499,0.0852283231650952
"SPU_025042",1.63080150208297,1.73481683296015,1,FALSE,"SP-HTR1F",52.3333333333333,40.6666666666667,40.6666666666667,37.6666666666667,4116,1129,2987,52.3333333333333,0.0136145519473273,0.0333628579864187
"SPU_025116",1.49192349855729,1.34461817436362,1,FALSE,"SP-ENDRVT113",29.6666666666667,180,0,110.666666666667,7132,1813,5319,29.6666666666667,0.0338409475465313,0.0610406324692039
"SPU_025299",0,0.721288515406162,1,FALSE,"SP-CYP2L58",73.3333333333333,109.666666666667,3,111.666666666667,5852,1316,4536,73.3333333333333,0.0241769547325103,0.0848530901722391
"SPU_025301",0.506282335550628,0,1,FALSE,NA,0,0,0,0,0,0,0,0,0,0
"SPU_025507",0.140845070422535,2.53364132641211,1,FALSE,"SP-UDX2",76.3333333333333,562.666666666667,310.666666666667,135.333333333333,124306,3897,120409,76.3333333333333,0.00467296187715758,0.0347275682148661
"SPU_025565",2.05770502645503,0.743500974311265,1,FALSE,"SP-SCAVRB2L2",80.3333333333333,2772.66666666667,718.666666666667,663.666666666667,14445,1105,13340,80.3333333333333,0.207846076961519,0.600603318250377
"SPU_025618",3.12242041440958,90.1313730707857,1,FALSE,"SP-HYPP_232",142.333333333333,2513.66666666667,2500.66666666667,139.666666666667,190888,4932,185956,142.333333333333,0.013517534613923,0.0283184644498513
"SPU_025809",0.547488877516004,0,1,FALSE,NA,0,0,0,0,0,0,0,0,0,0
"SPU_025917",2.97337998646453,0,3,TRUE,"SP-ACS16",3.33333333333333,209.666666666667,0,55.3333333333333,10997,919,10078,3.33333333333333,0.0208043924059006,0.0602103735944868
"SPU_025975",79.9165607551264,44.5269871254778,1,FALSE,"SP-DCC/NEOGL",56.3333333333333,9465.33333333333,0,147.333333333333,201655,6335,195320,56.3333333333333,0.0484606457778688,0.0232570376216785
"SPU_025975",79.9165607551264,44.5269871254778,3,TRUE,"SP-DCC/NEOGL",56.3333333333333,9465.33333333333,0,147.333333333333,201655,6335,195320,56.3333333333333,0.0484606457778688,0.0232570376216785
"SPU_026131",2.48255436546576,1.97063613815051,1,FALSE,"SP-UGT2B17L",20,577,0,364.666666666667,19597,3134,16463,20,0.0350482901050841,0.116358221654967
"SPU_026135",0.386383301488401,0.0712250712250712,1,FALSE,"SP-LPH",59.6666666666667,369.666666666667,0,135.333333333333,10664,1504,9160,59.6666666666667,0.0403566229985444,0.0899822695035461
"SPU_026182",1.16165205526908,1.58303154544487,1,FALSE,"SP-ST8SIA9L",1.66666666666667,915.666666666667,0,47.6666666666667,31361,1511,29850,1.66666666666667,0.0306756002233389,0.0315464372380322
"SPU_026277",0.976990049751247,0.556608982948269,1,FALSE,"SP-WNT5",7.33333333333333,570,8.66666666666667,18,30170,4226,25944,7.33333333333333,0.0219703977798335,0.00425934690014198
"SPU_026332",1.25037761461127,1.35555555555556,1,FALSE,"SP-PRPF38B",43.3333333333333,530.666666666667,0,114.333333333333,29302,3746,25556,43.3333333333333,0.0207648562633693,0.0305214450969923
"SPU_026354",0,2.79435189011354,1,FALSE,"SP-HYPP_1175",69,1677.33333333333,203,390.666666666667,28012,2439,25573,69,0.0655900102973188,0.160174935082684
"SPU_026399",0.208333333333334,0,1,FALSE,"SP-FN3/IG/EGF",5.33333333333333,557.666666666667,0,69,64951,2816,62135,5.33333333333333,0.00897508114052735,0.0245028409090909
"SPU_026557",100,96.6160947255865,1,FALSE,"SP-HYPP_1182",28.6666666666667,967.333333333333,0,113.333333333333,66782,2287,64495,28.6666666666667,0.0149985787011913,0.0495554583879901
"SPU_026584",0,1.35962057588314,1,FALSE,"SP-HYPP_2855",128.333333333333,0,0,0,15638,1039,14599,128.333333333333,0,0
"SPU_026602",90.9674453918529,94.7670729029425,3,TRUE,NA,0,0,0,0,0,0,0,0,0,0
"SPU_026650",99.0389401161376,91.8782588496155,1,FALSE,"SP-GSN_1",56.6666666666667,364,0,111.666666666667,16286,4060,12226,56.6666666666667,0.029772615736954,0.027504105090312
"SPU_026790",7.61215403056994,3.56926457585688,1,FALSE,NA,0,0,0,0,0,0,0,0,0,0
"SPU_026795",1.0359231411863,0.103021978021978,1,FALSE,"SP-DFNA5L",85,211.666666666667,0,96.3333333333333,8162,1304,6858,85,0.0308641975308642,0.0738752556237219
"SPU_026807",96.0140803189015,77.6127372478071,1,FALSE,"SP-H6PD",5.66666666666667,216,0,295.333333333333,13928,2754,11174,5.66666666666667,0.0193305888670127,0.10723795691116
"SPU_026958",1.12285161707498,0.758709400592268,1,FALSE,NA,0,0,0,0,0,0,0,0,0,0
"SPU_027001",3.61290322580646,0.970886459689227,1,FALSE,"SP-USP4",1.66666666666667,1747.66666666667,0,496.333333333333,60284,4511,55773,1.66666666666667,0.0313353534266879,0.110027340574891
"SPU_027116",0.490944240944241,0.36231884057971,1,FALSE,"SP-NEURMDNBR",103,510.333333333333,510.333333333333,1.66666666666667,17231,973,16258,103,0.031389674826752,0.00171291538198013
"SPU_027343",0,0.544662309368191,1,FALSE,"SP-ITIH_6",101.666666666667,883,0,386,17203,3217,13986,101.666666666667,0.0631345631345631,0.119987566055331
"SPU_027372",2.28106185002737,1.1487361088878,1,FALSE,NA,0,0,0,0,0,0,0,0,0,0
"SPU_027377",0.926767676767677,0.647203947368421,1,FALSE,NA,0,0,0,0,0,0,0,0,0,0
"SPU_027400",0.630797773654916,0.0529100529100529,1,FALSE,"SP-PH4_1",62.6666666666667,389.666666666667,228.333333333333,280.666666666667,16118,1980,14138,62.6666666666667,0.0275616541707927,0.141750841750842
"SPU_027498",0.928276932635446,0.529556650246305,1,FALSE,"SP-GALNAC4S6ST",63,835.666666666667,340.333333333333,182,9884,1118,8766,63,0.0953304433797247,0.162790697674419
"SPU_027518",0.740989183197646,0.791737575025618,1,FALSE,NA,0,0,0,0,0,0,0,0,0,0
"SPU_027535",1.17793791574279,1.70545982326395,1,FALSE,"SP-LY/ZP",24.6666666666667,733.333333333333,22,259.333333333333,18931,1857,17074,24.6666666666667,0.0429502947952052,0.139651768084724
"SPU_027546",4.47407589248197,0.433574248229421,1,FALSE,"SP-HYPP_270",74.3333333333333,468,57,58.6666666666667,24852,3899,20953,74.3333333333333,0.0223357037178447,0.0150465931435411
"SPU_027635",1.8356986841894,0.911358983959393,1,FALSE,"SP-ALPL_2",47.3333333333333,450.333333333333,0,186.333333333333,21927,1629,20298,47.3333333333333,0.022186093868033,0.11438510333538
"SPU_027832",2.63137421879181,0,1,FALSE,"SP-CHOLDHL_1",56,481.333333333333,313,552.333333333333,20172,6403,13769,56,0.0349577553441305,0.0862616481857463
"SPU_027862",0.805057720848105,0.121316855187823,1,FALSE,"SP-MAMDC4-15",38,280,0,317.333333333333,19077,3472,15605,38,0.0179429669977571,0.0913978494623656
"SPU_027899",1.81156947440472,0.969342524243741,1,FALSE,"SP-GLUR1",130.666666666667,680.666666666667,449,712,17387,3957,13430,130.666666666667,0.0506825515016133,0.179934293656811
"SPU_028034",1.72735760971055,0.343468468468468,1,FALSE,NA,0,0,0,0,0,0,0,0,0,0
"SPU_028072",1.83457054883967,1.69339569745852,1,FALSE,"SP-ACHE_26",35.6666666666667,64.3333333333333,0,14,5794,1295,4499,35.6666666666667,0.0142994739571757,0.0108108108108108
"SPU_028276",1.0989010989011,0.470508658008658,1,FALSE,"SP-CUB/ZP_1",25,2463,1763.66666666667,789.333333333333,12750,4083,8667,25,0.284181377639322,0.193321903828884
"SPU_028290",0.965568900355294,0.880285981559828,1,FALSE,"SP-SLC22A9_1",48.6666666666667,249,0,167.333333333333,18139,2697,15442,48.6666666666667,0.0161248542934853,0.0620442466938574
"SPU_028390",0,0.727573032726408,1,FALSE,"SP-TMPRSS2L_2",94.3333333333333,943.666666666667,0,486,14410,2218,12192,94.3333333333333,0.0774004811898513,0.219116321009919
"SPU_028397",99.5978098841876,98.722286111821,1,FALSE,"SP-DDX42",17.3333333333333,175.333333333333,0,67.6666666666667,14109,2702,11407,17.3333333333333,0.015370678822945,0.0250431778929188
"SPU_028445",0.622661740898681,1.92759443185776,1,FALSE,"SP-POLSRS",27,337.666666666667,0,116.666666666667,7966,2310,5656,27,0.0597006129184347,0.0505050505050505
"SPU_028704",0.583187141434736,1.46111807296018,1,FALSE,NA,0,0,0,0,0,0,0,0,0,0
"SPU_028748",0.545481350434911,0,1,FALSE,NA,0,0,0,0,0,0,0,0,0,0
"SPU_028749",0,1.55585980974392,1,FALSE,NA,0,0,0,0,0,0,0,0,0,0
"SPU_028757",3.0980762321891,0.842175638371291,1,FALSE,"SP-AADAC_3",69,55,0,40,3967,1216,2751,69,0.019992729916394,0.0328947368421053
"SPU_028897",2.86236026422764,0.645998482663678,1,FALSE,"SP-APN6",96.3333333333333,117.666666666667,12,111.333333333333,22689,2969,19720,96.3333333333333,0.00596686950642326,0.0374985966094083
"SPU_028934",0.875020540590716,0.0900360144057623,1,FALSE,"SP-CYP2L67",29,283.666666666667,0,54,6846,1445,5401,29,0.0525211380608529,0.0373702422145329
"SPU_028935",2.03977345440381,0.832357101687079,1,FALSE,"SP-SLSP_27",75.6666666666667,454.666666666667,0,119,15952,3202,12750,75.6666666666667,0.0356601307189542,0.0371642723297939
