"geneid","exon_meth","intron_meth","GE_logFC","GE_logCPM","common_name","peak_density_TSS","peak_density_Introns","peak_density_Intron1","peak_density_Exons","gene_len","exon_len","intron_len","TSS_dens_norm","intron_dens_norm","exon_dens_norm"
"SPU_000070",0.447982385569716,0,0.458597382345679,1.56179889902642,"SP-MUCL",7,402.333333333333,112.333333333333,288.333333333333,19589,3132,16457,0.007,0.0244475501812805,0.0920604512558535
"SPU_000208",97.615682972948,79.7480194673034,0.0577223763007823,3.04387497100984,NA,0,0,0,0,0,0,0,0,0,0
"SPU_000255",1.06269516483588,2.46493897336825,0.0484789240965055,2.96192264415399,NA,0,0,0,0,0,0,0,0,0,0
"SPU_000439",0.607267732267733,2.43222866623943,0.263249487643953,8.17152925275242,"SP-P58-A",131,1594.33333333333,839.666666666667,321,28702,2618,26084,0.131,0.0611230383887952,0.122612681436211
"SPU_000441",0.896825396825397,1.2276295133438,0.718269546225855,7.69707060503224,"SP-IGCAM/IGCAM",16.6666666666667,475.333333333333,0,240,19786,5077,14709,0.0166666666666667,0.0323158157137354,0.0472720110301359
"SPU_000471",1.02687525637682,2.71327276421415,-0.258273140211925,2.26641296367909,"SP-RDH10_1",60.6666666666667,31,0,17,4376,1175,3201,0.0606666666666667,0.00968447360199937,0.014468085106383
"SPU_000484",0,0.40638464551508,-0.0403178142523544,5.148221821261,"SP-CYTB561",22.3333333333333,128.333333333333,86.6666666666667,67,7870,1304,6566,0.0223333333333333,0.01954513148543,0.0513803680981595
"SPU_000590",98.618907018907,99.2716796750048,-0.228802619085178,4.71080680635063,"SP-ADHFE1",44,254.333333333333,0,18,17494,1472,16022,0.044,0.0158740065742937,0.0122282608695652
"SPU_000645",1.9600223009314,0.663180528514489,-0.26540028158284,3.79144298884827,"SP-CYP27L_1",165.333333333333,960.333333333333,960.333333333333,0,40039,1545,38494,0.165333333333333,0.0249476108830813,0
"SPU_000739",0.248963802155292,0.15491452991453,-0.26071508003078,4.42800094059716,NA,0,0,0,0,0,0,0,0,0,0
"SPU_000792",0.162337662337663,0.951086956521739,-0.072009039230183,0.340855031065475,"SP-RXFP1L",27.6666666666667,785.666666666667,0,412.666666666667,12662,1930,10732,0.0276666666666667,0.0732078519070692,0.213816925734024
"SPU_000952",90.3006189213086,0.80530502567377,-0.089792972194181,2.8103359929396,"SP-CABLES1",9,215.333333333333,124.333333333333,117.666666666667,14820,1658,13162,0.009,0.0163602289419035,0.0709690390028146
"SPU_001041",94.9625317211524,2.97491305606055,0.277787545579556,4.95167888801459,"SP-B3GALT1_16",62,1093.33333333333,175.666666666667,179,123293,2431,120862,0.062,0.00904612974577066,0.0736322501028383
"SPU_001545",9.76826308348659,3.21251542393655,-1.28179433173592,0.54445263457325,"SP-SPCAT3L",83.3333333333333,136,0,10.3333333333333,26774,4922,21852,0.0833333333333333,0.00622368661907377,0.00209941758092916
"SPU_001643",0.193246387380466,0.781893004115227,0.476869377882691,1.07472874531293,"SP-C20ORF152L_1",20.3333333333333,263,0,137.333333333333,21031,3125,17906,0.0203333333333333,0.0146878141405116,0.0439466666666667
"SPU_001669",99.8529411764706,96.5697067948212,0.0756496147497554,2.52183146623815,"SP-SLC4A11",164.333333333333,1673.66666666667,817,72,114467,1929,112538,0.164333333333333,0.0148720136013317,0.0373250388802488
"SPU_001739",0.271393132262698,1.15332699528295,0.0807398930183673,5.98643770255307,NA,0,0,0,0,0,0,0,0,0,0
"SPU_001774",0.954600954600954,1.55474629206891,-0.00360756711907296,8.61491051163607,"SP-NACHA2_1",108.666666666667,769.333333333333,0,285.333333333333,18600,4588,14012,0.108666666666667,0.0549053192501665,0.0621912234815461
"SPU_001785",1.64362519201229,7.77870138180092,-0.106707596117986,9.04085953709274,"SP-EGGBR1L",111.333333333333,582.333333333333,0,310,18537,4419,14118,0.111333333333333,0.0412475799216131,0.0701516180131251
"SPU_001876",0.4249541543236,0.864660067251146,0.291984670517198,2.72358404986445,"SP-HYPP_1351",71.3333333333333,357.333333333333,239.666666666667,69.6666666666667,17247,1367,15880,0.0713333333333333,0.0225020990764064,0.0509631797122653
"SPU_001956",0.895691609977324,0.325630252100841,0.307818245579247,2.9639998169419,"SP-CNGA3",95,392,392,0,21699,2569,19130,0.095,0.0204913748039728,0
"SPU_002025",0.27027027027027,12.3393916946919,-0.482732825119414,3.00205528227878,"SP-AGRIN/NT",182,1289,1289,67.3333333333333,76186,1984,74202,0.182,0.0173714994205008,0.0339381720430108
"SPU_002029",9.242773342711,0,0.243595883016244,3.51942709526815,"SP-UNK_14",54.3333333333333,43.6666666666667,0,87,9140,4106,5034,0.0543333333333333,0.00867434776850748,0.0211885046273746
"SPU_002080",1.65479628543924,2.50892293229567,0.0405739888855981,-0.111148672689621,"SP-NOTCHL_8",33.3333333333333,773.666666666667,122,331,17349,3430,13919,0.0333333333333333,0.0555834949828771,0.0965014577259475
"SPU_002430",0.297787861599546,1.27371783927863,0.351982610016209,3.15538745774584,"SP-HYPP_1394",81,912,606.333333333333,108.333333333333,25164,1715,23449,0.081,0.0388929165422833,0.0631681243926142
"SPU_002533",98.2093105429019,92.0625639244736,0.124747330011939,6.09450640400201,"SP-MELKL",94,4774,2221.66666666667,377.666666666667,229263,7184,222079,0.094,0.0214968547228689,0.0525705270972532
"SPU_002550",1.24401913875598,0.740740740740741,-0.0368042627138908,0.399604336094071,"SP-MACPFB.1",39,0,0,0,35620,1772,33848,0.039,0,0
"SPU_002559",99.7967479674797,98.4884349583941,0.0209656315391525,6.8678871616155,"SP-PHF3",53.3333333333333,0,0,0,22061,8922,13139,0.0533333333333333,0,0
"SPU_002592",0.434303350970018,0.977359171093187,-0.273509162544811,4.8888530072788,"SP-EMX",177.333333333333,2582.66666666667,639.666666666667,235.333333333333,18537,918,17619,0.177333333333333,0.146584179957243,0.256354393609296
"SPU_002686",0,11.5802678549686,0.104663952148712,3.45329779508352,"SP-GUCY1B2",21.3333333333333,2711,406,17.6666666666667,44128,2578,41550,0.0213333333333333,0.0652466907340554,0.00685285751228342
"SPU_002700",4.75136350391238,0.506116569848435,0.102728295687231,5.56836093657955,"SP-HYPP_366",16.3333333333333,146.333333333333,0,115.666666666667,14589,3757,10832,0.0163333333333333,0.0135093549975382,0.0307869754236536
"SPU_002707",0.185528756957329,73.1111585810894,-0.0687206927498403,3.16145577381366,"SP-Z388",53.6666666666667,193.333333333333,193.333333333333,39,12764,2200,10564,0.0536666666666667,0.0183011485548403,0.0177272727272727
"SPU_002723",87.8777732816359,41.548594431483,-0.119756883881538,6.8499517617007,"SP-MY6",43.6666666666667,440.333333333333,440.333333333333,0,57391,4607,52784,0.0436666666666667,0.0083421743962817,0
"SPU_002784",0,0.63767821463646,-0.763700094703334,2.35763081536214,NA,0,0,0,0,0,0,0,0,0,0
"SPU_002815",1.51828847481021,1.17716278430564,0.254987535702586,7.84203454241556,"SP-DLX",160.333333333333,827.666666666667,228.666666666667,189,17880,4024,13856,0.160333333333333,0.0597334488067744,0.0469681908548708
"SPU_002857",0.569196428571429,1.19363193424812,-0.23215393367749,1.20231870049748,"SP-GAD",113.333333333333,2211.66666666667,1109.66666666667,237.333333333333,44868,1855,43013,0.113333333333333,0.0514185633800634,0.127942497753819
"SPU_002934",0.759983556495184,0,-0.149634884921761,5.11328784545886,"SP-HYPP_1421",39.6666666666667,14.3333333333333,0,101,4186,1046,3140,0.0396666666666667,0.00456475583864119,0.0965583173996176
"SPU_003010",0.551470588235294,1.15336244904351,-0.567859992439225,0.821600683632666,"SP-SOAT",52.6666666666667,406.666666666667,57,207.666666666667,13159,1177,11982,0.0526666666666667,0.033939798586769,0.176437269895214
"SPU_003036",15.3003982643382,16.2773281556188,1.07424716967317,3.92892731490069,"SP-HYPP_1426",21,0,0,190,5576,3039,2537,0.021,0,0.0625205659756499
"SPU_003108",0.181818181818182,0.884091011429451,-0.293778425873068,7.77922110864654,NA,0,0,0,0,0,0,0,0,0,0
"SPU_003383",2.53872761225703,0.753798637010315,-0.0728875821560505,3.17913607287527,"SP-GAL3ST1L_3",68.6666666666667,0,0,0,1855,1033,822,0.0686666666666667,0,0
"SPU_003475",2.1978021978022,1.55791031937821,-0.0593486385793493,5.16490190853217,"SP-MRPL14L",26,863,10.3333333333333,191,22693,3339,19354,0.026,0.0445902655781751,0.0572027553159629
"SPU_003476",3.37506337506337,0.569067623786606,0.151586285142691,7.64798851260374,"SP-MTL",172,1151,974.666666666667,62,21710,3757,17953,0.172,0.0641118476020721,0.0165025286132553
"SPU_003581",0,7.64870321127622,0.18943529708905,4.49490519854495,"SP-PTPRMP",14.6666666666667,967.666666666667,0,291.333333333333,60995,3676,57319,0.0146666666666667,0.0168821275086213,0.079252811026478
"SPU_003656",97.0887662813806,96.7484550215277,0.147113037286218,3.29501596053393,"SP-HYPP_1467",20.3333333333333,336.666666666667,7,80.3333333333333,7080,1479,5601,0.0203333333333333,0.0601083139915491,0.0543159792652693
"SPU_003708",0,0.374707259953162,-0.0371434763404288,3.53937015810222,NA,0,0,0,0,0,0,0,0,0,0
"SPU_003907",1.08984582668793,0.282193958664546,0.515814292473524,1.70886211586113,"SP-HYPP_3098",13.3333333333333,243.666666666667,243.666666666667,0,35243,11744,23499,0.0133333333333333,0.010369235570308,0
"SPU_003991",0.499051365058857,1.45940100329392,0.0417047995974128,3.99569552891703,"SP-SUSD2-3",34,506.333333333333,0,599.333333333333,9369,1649,7720,0.034,0.065587219343696,0.363452597533859
"SPU_004025",94.4319597331311,96.1516113665592,-0.00423827072694586,5.13283873042866,"SP-SLC5A7_1",6.66666666666667,312.666666666667,0,254.333333333333,15480,2141,13339,0.00666666666666667,0.0234400379838569,0.118791841818465
"SPU_004040",0,1.98953390118978,0.751044489694422,6.55015293615642,NA,0,0,0,0,0,0,0,0,0,0
"SPU_004078",1.00859788359788,1.99840922648638,0.0442470444724826,4.21353138825361,"SP-HPSE",41,520.666666666667,0,166.333333333333,7753,1538,6215,0.041,0.0837758112094395,0.108149111400087
"SPU_004245",0,1.18891484557033,0.127313684650408,5.94847759012612,"SP-NETRIN1",88,2658.33333333333,383,16.6666666666667,113691,3188,110503,0.088,0.0240566621117375,0.00522793810121288
"SPU_004282",1.25964912280702,2.38408521303258,0.174776752048604,6.16993582320885,"SP-FN3/IGF_3",49.6666666666667,928,0,636,26581,7539,19042,0.0496666666666667,0.0487343766411091,0.0843613211301234
"SPU_004404",0.688255100019805,0,-0.64834293018181,1.08681713790713,"SP-SLC16A12",113.333333333333,560.666666666667,313.666666666667,235.333333333333,18433,1616,16817,0.113333333333333,0.0333392796971319,0.145627062706271
"SPU_004447",0.68537668707448,0.328947368421052,-0.377355480209947,3.4485158924143,"SP-LRP4L_3",164,0,0,0,13200,2118,11082,0.164,0,0
"SPU_004515",1.36272144976607,0.567765567765568,-0.143639615272545,4.23609226991575,"SP-GAL3ST1-3",53.6666666666667,158,69,161.333333333333,14312,1524,12788,0.0536666666666667,0.0123553331248045,0.10586176727909
"SPU_004732",1.97850273189831,1.64321274806076,0.0923646753050345,7.78014370888236,"SP-RGMA",149.666666666667,1422.66666666667,1302.33333333333,198.333333333333,18259,1612,16647,0.149666666666667,0.0854608437956789,0.123035566583954
"SPU_004746",0.992457497212932,0,0.154972550531072,1.77745241195454,NA,0,0,0,0,0,0,0,0,0,0
"SPU_004766",0.607449551035274,2.32740735156441,-0.244758705630077,1.07745554573802,NA,0,0,0,0,0,0,0,0,0,0
"SPU_004933",4.88967665661366,1.4984832002495,0.120720242406555,8.62435024128749,"SP-HYPP_3086",49.6666666666667,155.666666666667,0,68,12378,6261,6117,0.0496666666666667,0.0254482044575228,0.0108608848426769
"SPU_004942",0.530936454849498,1.0142843103766,-0.0749130211975365,6.52048812930923,"SP-SAMD1L",166.666666666667,360,205,101,15881,2443,13438,0.166666666666667,0.0267897008483405,0.0413426115431846
"SPU_004954",92.7763640379738,92.235344664481,-0.186361323473733,1.88370506196146,"SP-PP2ARSBI2",14.6666666666667,652.333333333333,334.333333333333,137.666666666667,52793,2455,50338,0.0146666666666667,0.0129590633980955,0.0560760353021045
"SPU_004955",0.8797247356001,1.35264740228048,-0.470165767035115,0.947674904857364,NA,0,0,0,0,0,0,0,0,0,0
"SPU_004964",0.777875522144754,1.21188186813187,-0.0160689641906094,7.54499889404211,"SP-PKG2",79.6666666666667,881,73,115,24008,1738,22270,0.0796666666666667,0.0395599461158509,0.0661680092059839
"SPU_005132",1.48961564191449,0.808612207329588,0.555659516394001,1.12895591650746,"SP-CUB/CLECT/LDLA/GPCR",84,874.666666666667,44,660,18967,3447,15520,0.084,0.0563573883161512,0.191470844212359
"SPU_005163",97.2098055540368,96.7589630641066,0.355664325337011,0.538557433854167,"SP-CACNA1H",120.666666666667,1841.33333333333,1841.33333333333,2,124422,1536,122886,0.120666666666667,0.0149840773833743,0.00130208333333333
"SPU_005182",0.09469696969697,8.9809917526083,0.0429198190342786,2.7633972440655,"SP-064",89.3333333333333,1190.33333333333,101.333333333333,303.333333333333,23831,1906,21925,0.0893333333333333,0.0542911440516914,0.159146554739419
"SPU_005242",0.683113937733443,0,0.302054383777277,4.37602565133945,"SP-HYPP_1572",83.6666666666667,158.666666666667,132.333333333333,110,17511,926,16585,0.0836666666666667,0.00956687770073359,0.118790496760259
"SPU_005287",0,1.01414593014132,0.010007585489564,3.18274868118471,"SP-ARSBL",10.6666666666667,877.333333333333,44.6666666666667,73,29632,1966,27666,0.0106666666666667,0.0317116075086147,0.0371312309257375
"SPU_005295",97.1454458412194,91.9153353964615,-0.0825903587271996,7.12181416511861,"SP-RAPH1L",78.3333333333333,882,0,0,136985,5040,131945,0.0783333333333333,0.0066846034332487,0
"SPU_005296",99.5562421931497,3.34857951847713,-0.0321253372977961,9.5530148361718,"SP-ATP5B",130,187,0,205.333333333333,7198,1562,5636,0.13,0.0331795599716111,0.131455399061033
"SPU_005418",0.845664847170783,1.19092411211976,-0.386151434444295,2.83438100048197,"SP-GDAP1L",101.666666666667,353.666666666667,0,45.3333333333333,39976,1317,38659,0.101666666666667,0.0091483656242186,0.0344216654011643
"SPU_005423",0.511033497759161,3.21932945962648,-0.0877521863016677,2.3719453285002,"SP-HAO1_4",25,159,0,82,5946,851,5095,0.025,0.031207065750736,0.0963572267920094
"SPU_005520",97.0646426743988,64.3665800137625,0.143705909002072,5.39515028614954,NA,0,0,0,0,0,0,0,0,0,0
"SPU_005538",0.999216300940439,2.12010714131621,-0.188446327951474,4.87855462308989,"SP-LRR/IGR_2",90.3333333333333,102.666666666667,102.666666666667,168,6874,1933,4941,0.0903333333333333,0.0207785198677731,0.0869115364718055
"SPU_005617",3.14772888485738,0.915733378064734,-0.145043533331072,3.5044726336125,"SP-SLC16A1L",119.666666666667,729,82.6666666666667,396,13403,3708,9695,0.119666666666667,0.0751933986591026,0.106796116504854
"SPU_005783",0.7000407000407,0.746067170243296,0.768279993091403,1.18832243177939,"SP-CHST3L",55.3333333333333,324.333333333333,103.333333333333,189.666666666667,6414,2953,3461,0.0553333333333333,0.0937108735432919,0.0642284682244046
"SPU_005836",90.2412897710404,52.5528559352675,0.372034823735921,3.24748616042289,"SP-LIPK",10.3333333333333,299.333333333333,0,163.333333333333,24583,1123,23460,0.0103333333333333,0.0127593066211992,0.14544375185515
"SPU_005894",0.828250517811914,1.5798136704502,0.201577567376622,8.19353522096488,"SP-HYPP_11",28.3333333333333,377,377,655.333333333333,27261,7343,19918,0.0283333333333333,0.0189276031730093,0.0892459939171093
"SPU_005917",1.9971545656191,1.1665120593692,-0.00320272433184333,0.0425821826434003,"SP-C10ORF112L",67,162,11,173.666666666667,9767,2449,7318,0.067,0.022137195955179,0.0709132979447393
"SPU_005929",0.772094983878297,1.4298143346022,-0.0715651258817105,5.95952871992391,"SP-HYPP_1618",50.3333333333333,207.666666666667,82.3333333333333,160,11789,4406,7383,0.0503333333333333,0.0281276807079326,0.0363141171130277
"SPU_005938",0.143825472772841,1.14444028254512,-0.398410699692895,2.38298993434827,"SP-ADAMTSL",78.3333333333333,621,0,28.6666666666667,26988,3048,23940,0.0783333333333333,0.0259398496240602,0.00940507436570429
"SPU_005955",3.50786545829649,0.611583091587236,0.278487209237898,5.40107344348509,NA,0,0,0,0,0,0,0,0,0,0
"SPU_006241",39.9198302218057,8.37452925912005,-0.21365588320799,4.30045073347976,"SP-RHOGAP6",112.333333333333,2414.66666666667,2414.66666666667,0,112996,3910,109086,0.112333333333333,0.0221354405392687,0
"SPU_006283",1.88297154168367,0.0682011935208867,-0.0119615902573359,4.50678239338052,"SP-HYPP_14",48,617.333333333333,0,176,84019,6915,77104,0.048,0.008006502040534,0.0254519161243673
"SPU_006284",3.38706650736404,2.00416934448454,-0.152802852826293,5.70261782405875,"SP-HYPP_15",38.6666666666667,19.3333333333333,0,234,6106,3296,2810,0.0386666666666667,0.00688018979833926,0.070995145631068
"SPU_006285",9.17294502892261,2.26667541360524,-0.150438633420299,5.09671568392689,"SP-HYPP_16",64,54.6666666666667,0,241.333333333333,6891,3644,3247,0.064,0.016836053793245,0.066227588730333
"SPU_006465",1.13811728395062,0.876547340247574,0.0204434409591023,1.00183773972105,"SP-HYPP_482",46,55,0,29.6666666666667,16252,1476,14776,0.046,0.0037222523010287,0.0200993676603433
"SPU_006544",92.5306315377085,93.889048856617,0.512162981233384,4.84718152057432,"SP-XYLB_1",210.333333333333,471.666666666667,42.6666666666667,207,17777,4463,13314,0.210333333333333,0.0354263682339392,0.0463813578310553
"SPU_006613",1.38633578431372,5.3644392653424,0.307833961778093,0.645494144513002,"SP-HYPP_1669",54.6666666666667,313.333333333333,0,108.333333333333,16630,1536,15094,0.0546666666666667,0.0207588004063425,0.0705295138888889
"SPU_006646",1.46145396086098,1.12644581277593,0.160455525510162,3.80032555018135,"SP-FAM151BL",79,150,108,161.666666666667,15549,1617,13932,0.079,0.0107665805340224,0.0999793856936714
"SPU_006786",0,0.862736430739448,0.104253431028026,2.12516005441891,"SP-PAX6",67.6666666666667,1243.33333333333,1109.33333333333,53,31248,555,30693,0.0676666666666667,0.0405086936217813,0.0954954954954955
"SPU_006812",0.400696462340298,0.644150561648092,-0.108898547349555,2.38882576530045,"SP-KIRREL2L",29.6666666666667,289.333333333333,0,418,15329,3320,12009,0.0296666666666667,0.0240930413301135,0.125903614457831
"SPU_006942",0.390151515151516,1.89988553113553,0.321227722126769,6.32150728237687,"SP-HYPP_502",63,762,0,381.666666666667,15467,3414,12053,0.063,0.0632207749108106,0.111794571372779
"SPU_007013",100,86.2849791223909,0.183904826234256,10.1061629997899,"SP-CYCD",187.333333333333,1915,0,62,29469,3679,25790,0.187333333333333,0.0742535866614967,0.0168524055449851
"SPU_007074",74.9090052216272,71.6432964941056,0.632523513680052,2.44156624082147,"SP-POLPPL_57",79.6666666666667,203.666666666667,0,0,11400,3893,7507,0.0796666666666667,0.0271302340038187,0
"SPU_007186",0.548730548730549,1.95011831703765,-0.218131225819305,0.912815207230745,"SP-MGLUR3_3",61,1434.33333333333,0,91,35720,2524,33196,0.061,0.0432080170301643,0.036053882725832
"SPU_007198",4.18305414948361,5.67630142081097,0.317929292312769,2.27946053944203,"SP-HYPP_1704",86,1130.66666666667,509,186,22252,1542,20710,0.086,0.0545952036053436,0.120622568093385
"SPU_007284",1.09983324137736,1.16308178294471,0.0203192120097239,0.592304566524659,"SP-ALDH2_1",87.6666666666667,1200.33333333333,246.666666666667,241.666666666667,35224,2193,33031,0.0876666666666667,0.0363396001735743,0.110199118407053
"SPU_007317",0.113122171945702,1.11987733265965,-0.48076599359375,3.8701494340071,"SP-BMP1/TLDL1",1,244,0,71.3333333333333,31111,2224,28887,0.001,0.00844670613078547,0.0320743405275779
"SPU_007334",1.4267702273217,1.24406473342643,0.64358215639359,2.55506840929864,"SP-HS2STL",31.3333333333333,115,0,48.3333333333333,8144,1064,7080,0.0313333333333333,0.0162429378531073,0.0454260651629073
"SPU_007346",99.0592481922485,98.0253124675679,-0.074576825975988,4.79235000764008,"SP-HYPP_23",121.333333333333,332.333333333333,0,127.666666666667,16025,5288,10737,0.121333333333333,0.0309521592002732,0.0241427130610187
"SPU_007407",10.8865868830132,4.38625711134033,0.173927238004603,6.9131112438666,"SP-GCNT2_1",39.3333333333333,181,181,304.333333333333,16859,4463,12396,0.0393333333333333,0.0146014843497903,0.0681903054746434
"SPU_007412",95.1170298627926,82.0864795797041,0.524247899577776,3.42619795633345,"SP-UNC13AL",98.3333333333333,866,92,150,22250,2577,19673,0.0983333333333333,0.0440197224622579,0.0582072176949942
"SPU_007523",0.126262626262626,78.6758145016271,0.210288136024979,5.66728762714677,"SP-FLVCRL",138.666666666667,1992.66666666667,51.3333333333333,172.333333333333,39928,1605,38323,0.138666666666667,0.0519966251772217,0.107372793354102
"SPU_007682",0,0.840646027936619,0.280695652139995,4.98159295424705,"SP-CBPDEL",141,1528,1528,0,50042,2200,47842,0.141,0.0319384641110321,0
"SPU_007723",67.7201562331847,1.23641717024933,-0.0715960982112983,6.96758403769919,"SP-TCFAP4L",43.6666666666667,59.3333333333333,20.3333333333333,17.3333333333333,13821,3621,10200,0.0436666666666667,0.00581699346405229,0.00478689128233453
"SPU_007920",1.55303030303031,0.805422647527911,0.22650167518071,1.36694683198684,"SP-IDS_1",40,21,0,54,4541,1565,2976,0.04,0.00705645161290323,0.0345047923322684
"SPU_007923",0.317460317460318,1.90615835777126,-0.16208088985816,4.03960542643106,"SP-HYPP_532",75.3333333333333,42.6666666666667,33.6666666666667,200.666666666667,6201,3008,3193,0.0753333333333333,0.0133625639419564,0.0667109929078014
"SPU_007985",1.11390938645053,0.373931623931624,0.234949282781693,0.521001535325937,"SP-SLC7",9.66666666666667,633.666666666667,0,182.666666666667,27447,2541,24906,0.00966666666666667,0.0254423298268155,0.0718877082513446
"SPU_008080",0.279208960578197,0.260057359894582,0.0865347691802238,6.15372656727288,"SP-B4GALT6",8.66666666666667,0,0,0,10433,2304,8129,0.00866666666666667,0,0
"SPU_008247",0.596949103528051,0,0.620975416103397,5.31599826543162,NA,0,0,0,0,0,0,0,0,0,0
"SPU_008259",0.64935064935065,1.07540949287717,-0.281239285722929,1.46031547672972,"SP-LRR/GPCR_6",102.333333333333,458.666666666667,2,96.3333333333333,25761,2026,23735,0.102333333333333,0.0193244856400534,0.0475485357025337
"SPU_008552",0.213675213675213,0.661847062417269,-0.195901501410104,3.31168666569186,"SP-ISM",62.6666666666667,194.333333333333,26.3333333333333,222.666666666667,11098,1810,9288,0.0626666666666667,0.0209230548377835,0.123020257826888
"SPU_008563",99.3882275132275,98.1961679012962,0.1797772877837,5.77331214950623,"SP-Z42",18.6666666666667,249.333333333333,0,300.333333333333,13041,6231,6810,0.0186666666666667,0.0366128242780225,0.0481998609105013
"SPU_008571",13.6913973462213,54.4347369278632,-0.462870055880401,0.413679099906007,"SP-POLYPL_939",382,0,0,0,6196,2065,4131,0.382,0,0
"SPU_008617",0.499080286012104,7.59292020901927,0.0696301248874463,8.83711020691389,"SP-GLYT_5",36,223.333333333333,0,174,24249,5173,19076,0.036,0.0117075557419445,0.0336361878987048
"SPU_008821",0.847749146185468,0.520338077135004,-0.159658730532201,0.708158904692842,"SP-GPR112L_4",89.6666666666667,206.333333333333,6.66666666666667,27.6666666666667,8911,2170,6741,0.0896666666666667,0.0306087128517035,0.0127496159754224
"SPU_008926",2.64322214351783,0.845198403247939,-0.107736711895364,5.13835366051371,"SP-LDLA/IG/GPCR",52,1366.66666666667,0,484,25065,4324,20741,0.052,0.0658920334924385,0.111933395004625
"SPU_008971",0.770261102864099,1.62608225108225,-0.12669121868958,0.46471039120847,"SP-GRIA1",81.6666666666667,224,0,458,10643,2830,7813,0.0816666666666667,0.028670165109433,0.161837455830389
"SPU_009052",16.2829535971632,2.23747756075342,-0.383768139128787,0.410225497653951,"SP-EPDMNH2",100.333333333333,318.333333333333,0,7.66666666666667,867,549,318,0.100333333333333,1.00104821802935,0.0139647844565877
"SPU_009071",0,31.3192319701725,-0.120391632935332,5.89864819477086,"SP-SPEF2",43.6666666666667,795,466,209.666666666667,146915,1921,144994,0.0436666666666667,0.00548298550284839,0.109144542772861
"SPU_009242",1.40972222222222,1.76936837965308,-0.991647146040932,0.964434763618824,"SP-CUB/FA58C/LDLA/GPCR",49.6666666666667,811.333333333333,0,294.333333333333,38233,6192,32041,0.0496666666666667,0.0253217232088054,0.0475344530577089
"SPU_009272",0,2.14653017500315,0.197255755958249,4.4924287228379,"SP-CHST11L_1",32.6666666666667,347.666666666667,0,79,7408,2082,5326,0.0326666666666667,0.0652772562273126,0.0379442843419789
"SPU_009319",1.40690804969621,0.469639468690702,0.544082123707918,3.16109283928793,"SP-TRYP_SPC/LDL/CUB",51.6666666666667,390.666666666667,137.333333333333,562.666666666667,12553,4926,7627,0.0516666666666667,0.0512215375202133,0.114223846257951
"SPU_009336",4.00311631004489,24.6962753798608,-0.0646972563413573,1.61931781940942,"SP-SLC16A4_2",77,639.333333333333,0,246.666666666667,19473,1973,17500,0.077,0.0365333333333333,0.125021118432168
"SPU_009337",0.757708747528403,1.50526048928889,0.237739507705646,4.03278995274859,"SP-HYPP_576",99.3333333333333,374,189.666666666667,191.666666666667,7543,2102,5441,0.0993333333333333,0.0687373644550634,0.0911830003171583
"SPU_009342",0,0.55813234384663,0.193149913498988,3.28455294990929,"SP-SLCO4A1L",82,1724,625,143.666666666667,37873,987,36886,0.082,0.0467386000108442,0.145558932792975
"SPU_009417",0.627837270982432,0.589940894390543,0.243302514076981,3.98783129673359,"SP-UGT2B33",75,16,0,55.6666666666667,3981,1907,2074,0.075,0.0077145612343298,0.0291907009264115
"SPU_009430",0.485832074761294,1.26219263789008,-0.1452912560828,2.91586610148168,"SP-SLC22A3_8",200.333333333333,30.3333333333333,30.3333333333333,0,23343,1753,21590,0.200333333333333,0.00140497143739386,0
"SPU_009463",1.01399859745535,1.58401056582799,-0.118642702200748,5.62280953817188,"SP-HYPP_46",208.333333333333,2141,2141,0,71256,4825,66431,0.208333333333333,0.0322289292649516,0
"SPU_009464",1.30151721014493,1.83856806610452,0.0268401561414008,6.64834380803224,"SP-HYPP_47",69,2830.66666666667,1449,902,43632,6038,37594,0.069,0.075295703215052,0.149387214309374
"SPU_009465",0.43724279835391,2.27990960787828,-0.468468752516762,1.46983971735491,"SP-HEY",66.3333333333333,306,0,55.6666666666667,10144,949,9195,0.0663333333333333,0.033278955954323,0.0586582367404285
"SPU_009513",97.3126915549647,98.9234678628802,0.0404376889600491,3.32068870542242,"SP-SEC24C",41.3333333333333,5.66666666666667,0,0.333333333333333,7526,1354,6172,0.0413333333333333,0.000918124864981638,0.000246184145741014
"SPU_009531",1.25380118491364,2.43663438920999,-0.338249820306577,1.12230124447306,"SP-UGT2A2",41,542.666666666667,165.666666666667,217,21079,2686,18393,0.041,0.0295039779626307,0.080789277736411
"SPU_009773",0.314958463992958,0.25,0.192494783994477,5.59219445706177,"SP-B4GALT5_1",25.3333333333333,132.333333333333,0,100,6649,1172,5477,0.0253333333333333,0.0241616456697706,0.0853242320819113
"SPU_009805",19.1923633798634,33.6244175401778,0.225711629930707,1.27591327131488,"SP-HYPP_56",108,410.666666666667,0,123,20435,3352,17083,0.108,0.0240394934535308,0.0366945107398568
"SPU_009822",98.6464646464647,99.5719589537851,-0.190150413809658,2.90968040876704,"SP-EHD3",145,1446,48.6666666666667,162,23677,1302,22375,0.145,0.0646256983240223,0.124423963133641
"SPU_009902",1.45771626034784,2.28563793570803,-0.00514362490320966,3.65179854796277,NA,0,0,0,0,0,0,0,0,0,0
"SPU_009955",1.03367433930094,0.778987434767189,-0.317388812151103,3.30921590657403,"SP-USP19",24.3333333333333,0,0,0,28635,5236,23399,0.0243333333333333,0,0
"SPU_010033",95.1542104764611,98.9350912778905,-0.0362714742639653,5.67045677917704,"SP-RHOGEF4",56.3333333333333,331.666666666667,0.333333333333333,27.3333333333333,35803,4128,31675,0.0563333333333333,0.0104709287029729,0.00662144702842377
"SPU_010045",75.9930178628829,62.6289177339952,-0.116696740753323,0.575869269407347,"SP-RBP4L",39.3333333333333,155.666666666667,0,127,10313,1183,9130,0.0393333333333333,0.0170500182548375,0.107354184277261
"SPU_010061",3.06930006930006,1.35582010582011,0.175119455501988,0.905525040695004,"SP-HYPP_1896",118.333333333333,309.333333333333,22.6666666666667,165.666666666667,11561,1497,10064,0.118333333333333,0.0307366189719131,0.110665775996437
"SPU_010062",97.1379551820728,98.8849871932579,0.156292019465208,1.17334179464971,"SP-SRCR83",19.3333333333333,43.3333333333333,43.3333333333333,0,14897,2027,12870,0.0193333333333333,0.00336700336700337,0
"SPU_010137",0.397131825703254,0.347985347985349,0.295772627130845,2.66617478984777,"SP-SLC20A1_3",82,0,0,16,10810,1322,9488,0.082,0,0.0121028744326778
"SPU_010218",1.35198828621742,1.46214013476034,-0.222949168877579,5.38943472669578,"SP-HYPP_1904",24.6666666666667,43.3333333333333,0,0.333333333333333,5021,1603,3418,0.0246666666666667,0.0126779793251414,0.000207943439384487
"SPU_010371",0.478632478632479,2.31451692069871,1.55433815016709,0.936249302582938,"SP-SLC22A3_3",66.3333333333333,1047.66666666667,31.3333333333333,285.666666666667,16296,1657,14639,0.0663333333333333,0.0715668192271785,0.172399919533293
"SPU_010404",0,0.513932076153557,-0.743068915154672,1.41673194089608,"SP-IRF",47.3333333333333,1991.33333333333,882.666666666667,105,103207,1177,102030,0.0473333333333333,0.0195171354830279,0.0892098555649957
"SPU_010554",2.6291223618081,1.01627384960718,0.128449547706142,2.97647178915116,"SP-SARL/COADS",115,648,342,431.333333333333,10635,992,9643,0.115,0.0671990044591932,0.434811827956989
"SPU_010659",98.3557125656721,98.5562885131225,-0.0135288980513953,4.90285358181805,"SP-SKI",223.666666666667,2016,2016,0,74982,1946,73036,0.223666666666667,0.0276028260036147,0
"SPU_010750",0.302343159486016,1.392956002331,-0.104759695681454,3.87812820643106,"SP-PROTEASE",161.333333333333,784,0,228.666666666667,15627,2742,12885,0.161333333333333,0.0608459448971672,0.0833941162168733
"SPU_010904",16.2683573391961,13.5098561719924,-0.00240122045494839,2.65749327625531,"SP-POLPPL_90",554,0,0,0,3846,3567,279,0.554,0,0
"SPU_010994",0.26026026026026,3.66814027226852,0.0809847901333634,3.38290627275997,"SP-SRCR98",54,20,0,45,5091,2284,2807,0.054,0.00712504453152832,0.0197022767075306
"SPU_011022",98.1252140838693,48.6456818251722,-0.0722287913159237,5.80832945228698,NA,0,0,0,0,0,0,0,0,0,0
"SPU_011039",1.41706145985611,2.20479262370507,0.227161402953042,9.75745509076774,"SP-GAGE1",86,260.666666666667,29.6666666666667,120.333333333333,5577,1753,3824,0.086,0.0681659693165969,0.0686442289408633
"SPU_011124",0.883746355685131,36.0807061321354,-0.0143102632261737,7.31873766037447,"SP-P70RSK",96.6666666666667,418.333333333333,0,131.666666666667,20797,4449,16348,0.0966666666666667,0.0255892667808498,0.0295946654678954
"SPU_011130",2.78888888888889,1.52778990221572,0.13953168539177,5.69668212738283,"SP-WNT16",112.333333333333,833.333333333333,151,119.666666666667,19134,3718,15416,0.112333333333333,0.0540563916277461,0.0321857629549937
"SPU_011137",0.338910926794086,0.580357142857142,0.337603979138505,1.32843884548437,"SP-SLC16A10L",115.333333333333,219.666666666667,0,154,8370,1778,6592,0.115333333333333,0.0333232200647249,0.0866141732283465
"SPU_011297",3.50474655441886,0.190181335692172,-0.0523567786650296,4.56424573840293,"SP-MBX1",153.333333333333,89,0,161.333333333333,5707,1273,4434,0.153333333333333,0.0200721695985566,0.126734747316051
"SPU_011315",0.594405594405595,0,0.424839315482023,4.41485807253483,NA,0,0,0,0,0,0,0,0,0,0
"SPU_011588",0.832812793597107,0.767425064983791,0.0703818794676888,5.84584635357082,"SP-SPC39L",43,3250.33333333333,0,1630.33333333333,74584,11500,63084,0.043,0.0515238940671697,0.141768115942029
"SPU_011618",62.8899505703994,74.9246743030507,-0.0266207819746816,4.99644413319081,"SP-HYPP_8991",61.6666666666667,4.66666666666667,4.66666666666667,550,5077,3029,2048,0.0616666666666667,0.00227864583333333,0.181578078573787
"SPU_011771",0.622661740898681,1.92759443185776,-0.0626427379794287,5.21808287225064,NA,0,0,0,0,0,0,0,0,0,0
"SPU_011874",90.9332250134394,93.4241385304446,-0.0421190887671501,5.85852944275553,"SP-C3ORF58L",117,1623.33333333333,835.333333333333,78.3333333333333,42454,1597,40857,0.117,0.0397320736552692,0.0490503026508036
"SPU_011908",99.6794871794872,39.6362148135091,0.0789170759944344,7.10181072699653,"SP-HYPP_75",43,1076.33333333333,169.666666666667,602.333333333333,23085,6210,16875,0.043,0.0637827160493827,0.0969940955448202
"SPU_011913",1.62837261993847,0.923236033778457,-0.160721508161522,4.15739535314415,NA,0,0,0,0,0,0,0,0,0,0
"SPU_011937",72.7835214899897,83.112645133163,-0.0396707898138972,3.85226584714228,"SP-ATAXIA1",165,730.666666666667,0,291.666666666667,16837,2579,14258,0.165,0.051246084069762,0.113092930076257
"SPU_012004",2.46602695804077,2.22533004397993,0.280574503078843,2.15145297556478,"SP-MRPL",358.666666666667,569.666666666667,0,26.6666666666667,107717,7570,100147,0.358666666666667,0.00568830485852463,0.00352267723469837
"SPU_012039",0.439762881132487,2.134980239607,0.280106647682107,0.0224321551420998,"SP-SRCR104",1.33333333333333,1617,101.333333333333,325,26408,2774,23634,0.00133333333333333,0.0684183802995684,0.117159336697909
"SPU_012348",1.63365656821735,3.86752308657313,0.0368480872856383,8.89870765025349,"SP-FMO5_1",113.333333333333,81.3333333333333,0,208,7441,2601,4840,0.113333333333333,0.0168044077134986,0.0799692425990004
"SPU_012491",0.158456354300385,0,-0.0252157537343948,4.84303606644267,NA,0,0,0,0,0,0,0,0,0,0
"SPU_012699",1.01166736804178,0.479983660130719,0.621944096476933,0.608658772064171,"SP-NKX6-1",183.333333333333,2253,1123.66666666667,112.333333333333,31634,1095,30539,0.183333333333333,0.0737745178296604,0.102587519025875
"SPU_012727",1.89472624798712,1.03130016051364,0.367700814642241,0.676794110434847,"SP-TST_1",116.333333333333,2040,0,123.666666666667,7092,926,6166,0.116333333333333,0.330846578008433,0.133549316054716
"SPU_012743",0.417468088826718,0.63906048312742,-1.23224932783771,3.39364791000145,"SP-ARS_3",113,123.666666666667,0,183.666666666667,10233,2102,8131,0.113,0.0152092813512073,0.0873771011734856
"SPU_012765",0,0.55052790346908,0.0390090789665541,1.02818976921842,"SP-FOLR1",53.6666666666667,462.333333333333,462.333333333333,70,26326,1617,24709,0.0536666666666667,0.0187111308969741,0.0432900432900433
"SPU_012951",0.97069597069597,0.97756325299884,0.422137255640752,0.51213008722639,"SP-PAN/CLECT",30.3333333333333,519.666666666667,0,298,22514,3993,18521,0.0303333333333333,0.0280582401958138,0.0746306035562234
"SPU_012962",97.9660464873879,97.3714010548587,-0.848062144205174,0.409680484942833,"SP-HYPP_2061",79,318.333333333333,303,116,13581,1307,12274,0.079,0.0259355819890283,0.0887528691660291
"SPU_013077",0,0.691831388425816,-0.255849669386474,9.52454321427308,"SP-HYPP_87",44.3333333333333,1004.66666666667,0,23,58962,4473,54489,0.0443333333333333,0.0184379721901056,0.00514196288844176
"SPU_013407",95.1158799266787,99.4975490196078,-0.506763639711768,3.81074972484243,"SP-Z175",165.666666666667,359,0,314.333333333333,10850,3703,7147,0.165666666666667,0.0502308660976634,0.0848861283643892
"SPU_013442",7.19615693848869,1.20254656774808,-0.261489556483808,3.92055134984223,"SP-HYPP_92",96,352,3.66666666666667,98.6666666666667,20040,3791,16249,0.096,0.0216628715613268,0.0260265541194056
"SPU_013711",1.0526973026973,2.22222222222222,0.0611304362603278,5.80735464910749,NA,0,0,0,0,0,0,0,0,0,0
"SPU_013873",0.397660818713451,1.75720588476211,-0.178196765491188,2.10033149824593,NA,0,0,0,0,0,0,0,0,0,0
"SPU_013944",1.53409090909091,0.758744855967078,-0.0338630058457127,4.6486825922104,"SP-SLC7A6_2",105.333333333333,222,61,84,9509,1318,8191,0.105333333333333,0.02710291783665,0.0637329286798179
"SPU_014040",16.0371407047788,7.7587280622501,-0.0817439924248245,1.52213854869172,"SP-GPR112_4",30.3333333333333,103.333333333333,0,61,11432,1106,10326,0.0303333333333333,0.0100071018141907,0.0551537070524412
"SPU_014092",0.692425710594315,0.841750841750842,-0.841408816410648,1.11010325333979,"SP-CYP3L16",63.3333333333333,259,37,41.3333333333333,22176,1512,20664,0.0633333333333333,0.0125338753387534,0.027336860670194
"SPU_014157",0.174216027874564,0.402108116599086,0.16594100002605,2.18566762489445,"SP-LMX1",107.333333333333,1581.66666666667,167.666666666667,34.3333333333333,51868,1156,50712,0.107333333333333,0.0311891991376137,0.0297001153402538
"SPU_014213",0,1.74959677962878,-0.220035267409151,4.74885302431843,"SP-EGF/ZP",64.3333333333333,0,0,0,24071,1239,22832,0.0643333333333333,0,0
"SPU_014289",0.832208001788421,0.899116538043567,0.0255233708650743,3.96518367842682,NA,0,0,0,0,0,0,0,0,0,0
"SPU_014377",3.52266438785486,0.279950188232464,-0.336779668258726,4.33623012656847,"SP-HYPP_753",25,719.333333333333,203.666666666667,43.3333333333333,54727,2228,52499,0.025,0.0137018482891738,0.0194494314781568
"SPU_014399",2.35082733358595,0,0.413405601586718,5.71258378809875,"SP-CBR1_2",50,143,0,61.6666666666667,6563,1304,5259,0.05,0.0271914812702035,0.0472903885480573
"SPU_014415",1.34600893222591,1.0358458961474,-0.500249471401201,0.771681492674743,"SP-HYPP_100",143.666666666667,1392.33333333333,44,814.333333333333,31560,5638,25922,0.143666666666667,0.0537124193092097,0.144436561428403
"SPU_014476",0.653846153846153,1.37453095434088,0.118583114719835,3.54400301370833,"SP-SLC6A6",68.6666666666667,530,465,188.333333333333,15837,1526,14311,0.0686666666666667,0.0370344490252254,0.123416339012669
"SPU_014488",2.29898507702119,0.186481598956671,1.14312477112339,0.431950897293279,NA,0,0,0,0,0,0,0,0,0,0
"SPU_014598",94.1881613756614,93.2085734282921,0.0186467562691045,7.68868097948249,NA,0,0,0,0,0,0,0,0,0,0
"SPU_014611",0,0.752210095114253,0.170234754813909,9.73685620854168,"SP-RBM35A",145,1653.33333333333,0,104,40584,5164,35420,0.145,0.046677959721438,0.0201394268009295
"SPU_014643",100,98.2605299874034,-0.184558107070896,6.51635456883729,NA,0,0,0,0,0,0,0,0,0,0
"SPU_014657",0,54.3544690603514,-0.472043216415615,2.31057877208772,"SP-DIS3",39.3333333333333,118,0,32.3333333333333,16179,1366,14813,0.0393333333333333,0.00796597583203943,0.0236700829673011
"SPU_014689",1.77811674707358,0.248905099818289,0.503066268598112,2.60076803081878,"SP-CNDREP",58.3333333333333,276.333333333333,111.333333333333,195.666666666667,11923,1739,10184,0.0583333333333333,0.0271340665095575,0.11251677209124
"SPU_014793",99.156746031746,98.955189501805,-0.0805057559368814,8.76400052320815,"SP-SPALT",73.6666666666667,230,230,752.333333333333,11846,6581,5265,0.0736666666666667,0.043684710351377,0.114318999138935
"SPU_014802",2.60036945812807,0,0.435321636951479,3.66185700349264,"SP-HLX",138,479.333333333333,47.3333333333333,120,11481,1373,10108,0.138,0.0474211845402981,0.0873998543335761
"SPU_014811",90.6119765824218,87.9850669364736,-0.0620414267605783,4.76599242835932,"SP-COPB2L",151,59.3333333333333,59.3333333333333,0,76638,1980,74658,0.151,0.000794735103181619,0
"SPU_014829",0.0740740740740741,3.35679851073939,-0.061958574890861,1.64578357233755,"SP-SRCR116",25,832,0,217.666666666667,20431,2209,18222,0.025,0.0456590934035781,0.0985362909310397
"SPU_014877",0,0.661745661745662,-1.18224519639645,0.609957601937082,"SP-CHRNA9_3",59.3333333333333,217.666666666667,3.66666666666667,207.666666666667,9005,1390,7615,0.0593333333333333,0.0285839352155833,0.149400479616307
"SPU_014947",0.0757575757575757,2.51039680364399,0.155181720795342,9.25243837413909,"SP-FMO2_2",51.3333333333333,225.666666666667,0,133.666666666667,10821,3574,7247,0.0513333333333333,0.0311393220183064,0.0373997388546913
"SPU_014960",93.4047619047619,98.3964150923648,-0.284527553836255,2.83604002329665,"SP-HYPP_769",0.666666666666667,763,159.666666666667,442.333333333333,17367,2707,14660,0.000666666666666667,0.0520463847203274,0.163403521733777
"SPU_014984",0.601188697681827,24.7421100481268,0.407087179650349,2.72059280366815,NA,0,0,0,0,0,0,0,0,0,0
"SPU_015031",1.21527777777778,18.6946707083671,-0.598718575467149,0.403253049706296,"SP-GPR51_4",28.3333333333333,393.333333333333,0,120.333333333333,18277,3499,14778,0.0283333333333333,0.02661614111066,0.0343907783176146
"SPU_015163",1.15723923196679,0.279102390382878,-0.0599691869069414,4.11583781139971,"SP-CCP/HYR/LNB/7TM/GPCR",5.66666666666667,763.666666666667,221,472,21734,3313,18421,0.00566666666666667,0.0414563089227874,0.14246906127377
"SPU_015215",3.07966192641115,1.72117170864226,0.531610293043777,1.80189267807335,"SP-3BP1",51.3333333333333,174.333333333333,30.3333333333333,63.3333333333333,15678,2356,13322,0.0513333333333333,0.013086123204724,0.0268817204301075
"SPU_015280",0,3.62343432487925,5.46323596715153,4.81746863665479,"SP-HYPP_778",68.6666666666667,110.666666666667,110.666666666667,13.6666666666667,6333,2059,4274,0.0686666666666667,0.0258929964124162,0.0066375263072689
"SPU_015308",59.421275372319,77.9683242769549,0.161275226564677,4.32101889810259,NA,0,0,0,0,0,0,0,0,0,0
"SPU_015325",68.9641367137356,60.1509864248192,-0.141504445800228,4.34720333740699,"SP-SRCR124",130.666666666667,486.666666666667,130.333333333333,82.3333333333333,21127,803,20324,0.130666666666667,0.0239454175687201,0.102532171025322
"SPU_015341",95.4589400701371,88.518813673166,-0.687106796242961,2.673373273682,"SP-APN1",87.6666666666667,190,0,104.666666666667,17026,2690,14336,0.0876666666666667,0.0132533482142857,0.038909541511772
"SPU_015352",2.5064935064935,0.243317606501531,-0.154105683255908,2.87911750618694,NA,0,0,0,0,0,0,0,0,0,0
"SPU_015353",0.915886031720759,0.451012966676843,-0.0597482716734362,3.62484677913297,NA,0,0,0,0,0,0,0,0,0,0
"SPU_015404",97.5413533834586,93.941407810122,-0.0590103867255539,7.38911163941971,"SP-LAMG/EGFF3",16,935,0,517,31462,6669,24793,0.016,0.037712257492034,0.0775228669965512
"SPU_015415",97.9243105843027,82.9452733731816,0.0489379127679599,2.43294566175711,"SP-RCBTB1",50.3333333333333,151.666666666667,0,86.6666666666667,11206,1599,9607,0.0503333333333333,0.015787099684258,0.0542005420054201
"SPU_015442",1.90035273368607,2.89437645846088,-0.0556957699044384,4.02218352933602,"SP-CYP2L30",102.666666666667,0,0,0,7688,1626,6062,0.102666666666667,0,0
"SPU_015456",98.8996566477659,98.2510533298463,-0.100131712595466,5.39373433601397,"SP-NR1H6B",102.666666666667,4095.33333333333,0,306,46300,1718,44582,0.102666666666667,0.0918606911608572,0.178114086146682
"SPU_015471",0.980392156862745,0,0.361547667228581,1.17725610705066,"SP-HYPP_2215",34.3333333333333,189,10,21,8334,901,7433,0.0343333333333333,0.0254271491995157,0.02330743618202
"SPU_015551",1.58730158730159,1.40737163443934,-0.155251089701317,3.28000269443259,"SP-GARNL3",42.6666666666667,1598,1187,34.6666666666667,72444,3253,69191,0.0426666666666667,0.023095489297741,0.010656829593196
"SPU_015598",0.35039941902687,5.27809147374364,-0.140215602034266,6.42777900338811,"SP-CHST14",187.333333333333,305,305,0,18332,1426,16906,0.187333333333333,0.0180409322134154,0
"SPU_015712",0.411797003686564,0.264550264550264,0.196795162939458,7.47429803974364,NA,0,0,0,0,0,0,0,0,0,0
"SPU_015763",0.727997613519092,3.03827499403927,0.181398097585893,7.78646191403634,"SP-MSP130R5",57.6666666666667,385.666666666667,0,137,20506,4012,16494,0.0576666666666667,0.023382240006467,0.0341475573280159
"SPU_015943",0.152606098552045,0.337478741496599,-0.180931306344817,2.08184161968263,NA,0,0,0,0,0,0,0,0,0,0
"SPU_016011",0.291362791362792,1.20472714888443,0.125443477321598,6.17929276081842,"SP-GLYT_6",14.3333333333333,258.666666666667,0,178.666666666667,12374,2974,9400,0.0143333333333333,0.0275177304964539,0.060076216095046
"SPU_016099",1.77025450310558,1.47854065468237,0.0941404512995897,2.45454136653551,"SP-HYPP_812",68.3333333333333,607.333333333333,289,270,19794,2210,17584,0.0683333333333333,0.034538974825599,0.122171945701357
"SPU_016105",1.09446836788534,1.37925030247939,-0.455231902805624,3.31891209255392,NA,0,0,0,0,0,0,0,0,0,0
"SPU_016171",1.07254454122652,27.2142366130626,-0.388025775602154,4.25602998565479,"SP-SEA/LDLA/CUB",30.6666666666667,311.666666666667,0,83.3333333333333,141142,2632,138510,0.0306666666666667,0.0022501383774938,0.031661600810537
"SPU_016178",1.08996367617057,1.26740148578811,-0.034153201337834,4.08269810000242,"SP-AMDS_2",152.333333333333,408,0,258.666666666667,13866,2439,11427,0.152333333333333,0.0357049094250459,0.106054393877272
"SPU_016179",1.33790969477408,1.0132064585219,-0.12926729015666,1.28761143289904,"SP-LRP4-2",55.6666666666667,314,0,138,29836,5473,24363,0.0556666666666667,0.0128883963387103,0.0252146902978257
"SPU_016206",1.16695808327732,2.62035690379454,-0.03168959887053,4.45350989179411,"SP-RXFP2L_4",43,274.333333333333,274.333333333333,199.333333333333,8408,2311,6097,0.043,0.044994806188836,0.0862541468339824
"SPU_016226",0,9.96527777777778,-0.107390639937952,5.28863600946253,"SP-MIF6",138.333333333333,0,0,0,3391,369,3022,0.138333333333333,0,0
"SPU_016373",97.4013841843726,96.1222329113931,0.105674571382251,4.11359623263951,"SP-SRCR133",19,373,0,35.6666666666667,11346,1657,9689,0.019,0.0384972649396223,0.0215248440957554
"SPU_016374",100,98.3026431895295,-0.0298232044220847,1.45205542892013,"SP-SRCR134",48.3333333333333,436.666666666667,0,180,16690,1893,14797,0.0483333333333333,0.0295104863598477,0.0950871632329636
"SPU_016481",1.79009737313187,3.52039896206762,0.272780641015961,5.07377593287589,"SP-ECHN34",74.3333333333333,587.666666666667,0,54,20385,2576,17809,0.0743333333333333,0.032998296741348,0.0209627329192547
"SPU_016523",98.9508268223636,98.0246913580247,0.00538481801834368,3.63728987732986,"SP-RAR",43.6666666666667,799.666666666667,0,81.6666666666667,13581,901,12680,0.0436666666666667,0.0630651945320715,0.0906400295967444
"SPU_016569",0.641620139105317,0.242720202568277,-0.645372079520883,1.27295295318408,"SP-B4GALT6_3",34,361.666666666667,108,110,17482,1097,16385,0.034,0.0220730342793205,0.100273473108478
"SPU_016595",0,2.61876281613124,-0.76349844703493,0.82673476683469,"SP-SOAT_1",123.666666666667,0,0,0,10108,1040,9068,0.123666666666667,0,0
"SPU_016685",0,0.861469519793765,0.240491212716363,6.73915032691225,"SP-AP2",51.6666666666667,2385.33333333333,1077,237.333333333333,41674,3742,37932,0.0516666666666667,0.0628844599107174,0.0634241938357385
"SPU_016702",0,0,0.950536859097329,0.9261211883188,"SP-RDH8_1",27,0,0,32.6666666666667,3381,845,2536,0.027,0,0.0386587771203156
"SPU_016799",0.46875,1.50964247640077,0.326838646097152,2.8549305512955,"SP-ARSB",98.6666666666667,194.666666666667,2,150.333333333333,7651,3185,4466,0.0986666666666667,0.0435885953127332,0.0472004186289901
"SPU_017008",1.31298142533303,2.04118301789043,-0.354022114652567,3.19082886876338,"SP-SLC46A1L_3",51.6666666666667,88.6666666666667,0,6.66666666666667,8141,1767,6374,0.0516666666666667,0.0139106787992888,0.00377287304282211
"SPU_017068",1.43322099588128,0.258413461538462,-0.260943123471019,7.84927908348283,"SP-ARSB_7",85.3333333333333,240.666666666667,101,118,6809,1152,5657,0.0853333333333333,0.0425431618643568,0.102430555555556
"SPU_017126",98.454709433795,97.3560716777057,-0.0738776630519846,7.38541673897934,"SP-NUP153",52.6666666666667,789,0,941,26117,8085,18032,0.0526666666666667,0.0437555456965395,0.116388373531231
"SPU_017197",95.2001463616709,92.6444552676003,0.0660132870428544,6.64607249091719,"SP-DDX23_1",2.33333333333333,117.666666666667,0,42.3333333333333,7494,2732,4762,0.00233333333333333,0.0247095058098838,0.0154953635919961
"SPU_017204",97.8767773039036,97.9489648460449,-0.121690151083195,4.45031172457454,"SP-HYPP_3046",101.666666666667,116,116,19.6666666666667,27278,6520,20758,0.101666666666667,0.00558820695635418,0.00301635991820041
"SPU_017258",1.57340117621296,2.64866360381394,-0.159354758299638,2.4032152874693,"SP-SLSP_1",74.3333333333333,473,0,118.666666666667,15215,2365,12850,0.0743333333333333,0.0368093385214008,0.0501761804087386
"SPU_017326",0.285548429898275,0,0.249949038768216,6.88489043895778,"SP-TRPC5_1",50.3333333333333,457,114.333333333333,265,16549,4517,12032,0.0503333333333333,0.0379820478723404,0.0586672570290016
"SPU_017374",0,1.54855911600229,0.0886432780056093,9.98035724461039,"SP-FMO3",2.33333333333333,272,0,26.3333333333333,20439,3310,17129,0.00233333333333333,0.0158795025979333,0.00795568982880161
"SPU_017379",1.6869918699187,2.50015105649668,0.131786254343684,2.88355752934263,"SP-SIX1/2",119.333333333333,548.666666666667,548.666666666667,198.333333333333,10549,1177,9372,0.119333333333333,0.0585431782614881,0.168507504956103
"SPU_017411",92.8194286766344,64.313407074366,-0.0896613505784409,4.72693853291106,"SP-SFRS17A",89.6666666666667,154.666666666667,0,221.333333333333,7160,2733,4427,0.0896666666666667,0.0349371282282961,0.0809854860348823
"SPU_017623",0.447307210592234,1.82853378505552,0.627283704976295,1.29616246360586,NA,0,0,0,0,0,0,0,0,0,0
"SPU_017635",0.458505212267182,1.5824762235687,-0.219901416610828,1.9938345200979,"SP-PAX4L",4.66666666666667,1150.66666666667,0,266.333333333333,3001,570,2431,0.00466666666666667,0.47333059097765,0.467251461988304
"SPU_017761",17.6943949721674,12.8732474254533,0.0673956667135242,3.97124636530634,"SP-XERDL",45.6666666666667,0,0,7.33333333333333,4752,1388,3364,0.0456666666666667,0,0.00528338136407301
"SPU_017784",1.24167634678246,0,0.0649512668652166,9.10901836843468,"SP-ARSB_2",16.3333333333333,90.6666666666667,0,27.3333333333333,9464,3371,6093,0.0163333333333333,0.0148804639203458,0.00810837535844952
"SPU_017830",86.0868266209703,79.5147373366468,-0.00479916174879082,6.40910337669235,"SP-CSTF2",38,267.666666666667,105,340.333333333333,8760,3209,5551,0.038,0.0482195400228187,0.106055884491534
"SPU_017929",0.174216027874564,1.87058501931325,0.374280825368294,1.31789846180771,"SP-FN3F_41",83.6666666666667,64,64,35.6666666666667,43598,1167,42431,0.0836666666666667,0.00150833117296316,0.030562696372465
"SPU_018070",0.42619825708061,1.32016788681959,-0.000729890223105808,3.27187400112605,"SP-FN3_5",80,719.333333333333,0,6.66666666666667,27008,3622,23386,0.08,0.0307591436471963,0.00184060371801951
"SPU_018156",0,0.890895171591043,-0.339189974454717,0.563129008849082,"SP-MT5/6L1",14.3333333333333,394.333333333333,0,504.333333333333,46535,6272,40263,0.0143333333333333,0.00979393818973582,0.0804102891156463
"SPU_018250",0.681061837319093,0,0.0882964719517149,5.63611338020769,NA,0,0,0,0,0,0,0,0,0,0
"SPU_018353",99.4548337099373,98.5478016591092,-0.316975194227406,9.51298561190637,NA,0,0,0,0,0,0,0,0,0,0
"SPU_018389",96.328372461553,90.3458006778206,-0.0613584428850745,6.23292473077835,"SP-HYPP_2383",3,50,50,7.33333333333333,150716,3612,147104,0.003,0.000339895584076572,0.00203026947212994
"SPU_018442",1.3991273685111,2.38979084063595,2.25120029711136,0.576049758246168,NA,0,0,0,0,0,0,0,0,0,0
"SPU_018556",93.2007524032533,95.2162392083767,-0.173899882626498,4.5860603524514,"SP-PEX1",82.3333333333333,116.666666666667,0,284,21681,4381,17300,0.0823333333333333,0.00674373795761079,0.0648253823328007
"SPU_018635",0,0.221571212708919,0.684457657818282,2.51067724745234,"SP-ALOX5_7",65,335,169.333333333333,49.6666666666667,22799,1773,21026,0.065,0.0159326548083325,0.028012784357962
"SPU_018648",1.48355055497913,0.934550450910253,0.283311429002526,4.04376277586831,"SP-CUB/ZP",25,2564,6.66666666666667,439.666666666667,62961,3127,59834,0.025,0.0428518902296353,0.140603347191131
"SPU_018768",0.254633360193392,0.681647306125155,0.420257167345037,5.0496974458704,"SP-APDPL_1",40.3333333333333,673.333333333333,0,143.666666666667,25603,2795,22808,0.0403333333333333,0.0295218052145446,0.0514013118664281
"SPU_018791",0,1.98491509218266,0.759198997834726,1.836348235831,"SP-SLC5A12_2",75,643.666666666667,0,161.666666666667,18270,1971,16299,0.075,0.0394911753277297,0.0820226619313377
"SPU_018867",0.901875901875902,0.683216055458703,0.0272114115912979,4.49101935414974,NA,0,0,0,0,0,0,0,0,0,0
"SPU_018910",1.79753695976321,1.52036208391497,0.466795293729436,5.53893940887498,NA,0,0,0,0,0,0,0,0,0,0
"SPU_018932",84.2342458310507,86.5268482758194,0.164341039713482,14.4232968138323,"SP-AHNAKL",263.333333333333,1920,794,1170,41492,14661,26831,0.263333333333333,0.0715590175543215,0.0798035604665439
"SPU_018981",1.26335539379018,1.59938123540242,0.0939739482780338,5.20207615422646,"SP-ARL11L2",124,1070.33333333333,578,103,26594,1669,24925,0.124,0.0429421598127716,0.0617136009586579
"SPU_019106",1.04981884057971,7.31990636616829,-0.0997918245482321,5.5769737333791,"SP-SLSP_7",37,593,65.3333333333333,129,17507,2401,15106,0.037,0.0392559247980935,0.0537276134943773
"SPU_019290",0.347446670976083,2.7735341676368,-0.0663318537784708,2.89110619772177,"SP-OTP",130.333333333333,1013.66666666667,60.6666666666667,145.333333333333,23053,1095,21958,0.130333333333333,0.0461638886358806,0.132724505327245
"SPU_019348",0,1.23230678786234,0.356024983017956,1.58579660593624,"SP-SUG",104.666666666667,164,99.3333333333333,214.666666666667,10944,1916,9028,0.104666666666667,0.0181657066902969,0.112038970076548
"SPU_019370",1.10916805260706,0.317000019380972,-0.296214872416342,4.2521267332512,"SP-SRCR152",23.6666666666667,0,0,0,7719,2113,5606,0.0236666666666667,0,0
"SPU_019581",1.39481182823431,3.94588884113218,-1.4052699550355,2.49727353572419,"SP-CLCA_11",81.6666666666667,553,206.666666666667,414.666666666667,21938,2864,19074,0.0816666666666667,0.0289923456013421,0.144785847299814
"SPU_019632",97.6326530612245,95.9632043405124,-0.0584900467325917,8.49594341127784,"SP-HYALIN2",75.3333333333333,309.333333333333,0,251,20028,5742,14286,0.0753333333333333,0.0216529002753278,0.0437129919888541
"SPU_019703",0.774863877785219,2.24669863607122,-0.0386073943122875,3.77996571289993,"SP-BMI1L",16.6666666666667,0,0,0,18546,1940,16606,0.0166666666666667,0,0
"SPU_019723",0.3937776409265,1.76087247880222,0.334784426428509,2.89223389046029,"SP-DIOXG",73.3333333333333,622.333333333333,0,169,10658,702,9956,0.0733333333333333,0.0625083701620463,0.240740740740741
"SPU_019970",0.692856285725419,4.42607475443296,0.860274109043534,0.39201071663356,"SP-NOS1",53.6666666666667,103.333333333333,0,160,6591,1635,4956,0.0536666666666667,0.020850147968792,0.0978593272171254
"SPU_019979",1.02529049897471,4.34094657778868,-0.0631334088989608,1.86907679028501,"SP-SLC24A6_1",6.66666666666667,191.333333333333,0,36.6666666666667,18791,917,17874,0.00666666666666667,0.0107045615605535,0.0399854598327881
"SPU_019996",93.2820048309179,99.6575342465754,0.0949355013622337,6.14743778448132,NA,0,0,0,0,0,0,0,0,0,0
"SPU_020107",2.61634420387034,0.755259337608729,0.563719265864485,0.676912552372089,"SP-ACHE_4",87.6666666666667,304.666666666667,0,222.333333333333,11981,1649,10332,0.0876666666666667,0.0294876758291392,0.134829189407722
"SPU_020122",3.59983691330424,1.23313174336466,-0.29025453496288,0.275463400108891,"SP-HYPP_963",67.6666666666667,745.666666666667,38.6666666666667,217.666666666667,22646,2642,20004,0.0676666666666667,0.0372758781577018,0.0823870804945748
"SPU_020176",99.1355320483892,92.4249082368159,-0.0299745320105641,7.27430319001335,"SP-ITPKB",109.333333333333,128.333333333333,0,0,27428,3752,23676,0.109333333333333,0.00542039758968294,0
"SPU_020202",0,1.67715915797757,-0.128971961918906,6.26229815830637,"SP-HYPP_2495",32,355.333333333333,117,94.6666666666667,13199,1330,11869,0.032,0.0299379335523914,0.0711779448621554
"SPU_020247",57.1189842734216,59.3489491058302,-0.00693748126035167,5.66057325893374,"SP-MUC4DL2",49.3333333333333,911.666666666667,0,228,32219,4622,27597,0.0493333333333333,0.0330349917261538,0.0493292946776287
"SPU_020410",0,5.10651629072682,-0.355653689448898,4.60954841192066,"SP-ZC3H12BL",84,704,81,177.666666666667,50317,4158,46159,0.084,0.0152516302346238,0.0427288760622094
"SPU_020480",96.870474075372,1.71227874373434,-0.198833821277043,5.46823941784323,"SP-Z77",107.666666666667,270.666666666667,14.6666666666667,204.333333333333,54485,5309,49176,0.107666666666667,0.00550403991106773,0.0384881019652163
"SPU_020502",98.0335935993831,96.5129541575064,0.198004038506001,2.59026009608096,NA,0,0,0,0,0,0,0,0,0,0
"SPU_020586",2.46594495546482,1.40146597428544,0.240649532600368,5.20281789312577,"SP-HYPP_3035",166.666666666667,1856.33333333333,0,0,48808,4175,44633,0.166666666666667,0.0415910499705002,0
"SPU_020597",1.12037309843206,2.11900630856596,-0.216963081497517,0.409279130488657,"SP-SRCR159",117.666666666667,341.333333333333,0,337,28986,5165,23821,0.117666666666667,0.0143290933769923,0.0652468538238141
"SPU_020603",0.7020757020757,3.05143858358936,-0.212860423024666,7.96917701378918,"SP-LRP6L_1",27.3333333333333,417,0,115.666666666667,19118,2516,16602,0.0273333333333333,0.0251174557282255,0.0459724430312666
"SPU_020732",2.3885918003565,2.07467521331148,-0.0315043715012087,-0.0229512724161373,"SP-HYPP_988",84.3333333333333,232.333333333333,232.333333333333,21,17565,2746,14819,0.0843333333333333,0.0156780709449581,0.00764748725418791
"SPU_020752",0,0.957051004624935,-0.00424498915176561,4.19371146203462,"SP-CYP2L43P",15.6666666666667,139.666666666667,0,3.33333333333333,16884,1465,15419,0.0156666666666667,0.00905808850552349,0.00227531285551763
"SPU_020920",0,83.2389224360692,0.281834021595943,11.0924638541496,"SP-ACTININ",112,2298.66666666667,1484.66666666667,109.666666666667,51582,5415,46167,0.112,0.0497902542219912,0.0202523853493383
"SPU_020946",0,0.810492189802534,0.0625316953724163,4.80891308237248,"SP-CBXH4",155.333333333333,157.666666666667,0,137,8831,1500,7331,0.155333333333333,0.0215068430864366,0.0913333333333333
"SPU_020971",3.03755144032922,1.1142786010572,-0.443726066619888,6.64485311171085,"SP-HYALIN15",162,489.666666666667,489.666666666667,0,37316,7089,30227,0.162,0.0161996449090769,0
"SPU_021044",0.528924748193851,1.94732778922531,-0.107303786748667,3.65121626329193,NA,0,0,0,0,0,0,0,0,0,0
"SPU_021185",5.60979605020303,0.813492063492063,0.423642909095289,4.38633402793951,"SP-CYP17R3",36.3333333333333,255.333333333333,0,135,10126,1097,9029,0.0363333333333333,0.028279248347916,0.12306289881495
"SPU_021222",98.2515222482436,96.2806501635792,0.0213392999184678,4.98368657248641,NA,0,0,0,0,0,0,0,0,0,0
"SPU_021229",0.792072510822513,0.258753502091695,-0.0355353420975855,1.60617173743084,"SP-CF5/8L2",73,835.333333333333,0,714.666666666667,23853,5413,18440,0.073,0.0453000723065799,0.132027834226245
"SPU_021308",90.7348560079444,32.5326884371547,-0.217648341111806,5.77707665230924,"SP-SRA",38.3333333333333,411,67.3333333333333,250.666666666667,23314,1839,21475,0.0383333333333333,0.0191385331781141,0.136305963385898
"SPU_021340",18.8073609654504,59.1725550563322,-0.100672132932107,5.1912918410612,"SP-LRR/FN3F",25.3333333333333,1601,38.6666666666667,714,77725,6577,71148,0.0253333333333333,0.0225023893855063,0.108560133799605
"SPU_021385",1.02290462464478,1.64532853338272,-0.388109487603058,2.44107879288508,"SP-APL",89,50,50,32.3333333333333,11813,1371,10442,0.089,0.00478835472131776,0.0235837588135181
"SPU_021843",0.924852257112775,87.1056547619048,-0.143080357436767,6.35368904495247,NA,0,0,0,0,0,0,0,0,0,0
"SPU_022013",94.5170486576338,25.1091004583652,-0.10407297963638,7.80962254432262,"SP-HYPP_179",126.333333333333,1107.33333333333,0,1038.66666666667,47714,8891,38823,0.126333333333333,0.0285226111669199,0.116822254714505
"SPU_022242",52.5201330533583,0.720010967679308,-0.0852988092230315,7.34082864318883,NA,0,0,0,0,0,0,0,0,0,0
"SPU_022395",0.882334245673863,0.870612838697945,0.552102058491624,1.14799721431724,"SP-STK2M829",13.6666666666667,107.666666666667,100.666666666667,24,5309,1249,4060,0.0136666666666667,0.0265188834154351,0.0192153722978383
"SPU_022413",1.10714285714286,1.40604764527178,0.300944183593307,8.26815580044636,"SP-PHLPB_2",96.3333333333333,411.666666666667,0,112.333333333333,11495,2870,8625,0.0963333333333333,0.0477294685990338,0.0391405342624855
"SPU_022495",0.365363536719036,12.6488095238095,-0.147628683953337,4.65529763644417,NA,0,0,0,0,0,0,0,0,0,0
"SPU_022669",100,83.4546770213426,0.0267098924655876,4.63896918988263,"SP-MTMR6/7/8",88.3333333333333,21.3333333333333,21.3333333333333,2,38847,2222,36625,0.0883333333333333,0.000582480091012514,0.0009000900090009
"SPU_022711",0.596590909090909,0.785647279549719,0.0576496636143595,5.8284005106228,"SP-RTL_58",9.66666666666667,0,0,0,126001,3933,122068,0.00966666666666667,0,0
"SPU_022798",0.824585315953251,0.816152611575891,0.441856000854145,3.76702317785475,"SP-HUNKC",24.3333333333333,2110.66666666667,2110.66666666667,0,141473,3629,137844,0.0243333333333333,0.015311995202306,0
"SPU_022816",0.623376419976237,0.833333333333334,-0.246837341569354,1.92848884310025,"SP-ALX4",31,773.333333333333,148.666666666667,185.666666666667,23707,1688,22019,0.031,0.035121183220552,0.109992101105845
"SPU_022830",50.7264673585372,4.30789222951794,0.219057789056182,5.30590515881359,"SP-HYPP_2634",8.33333333333333,0,0,0,6155,4308,1847,0.00833333333333333,0,0
"SPU_022844",0.944050033806626,18.4660840078,0.116516403215222,4.98338305690999,NA,0,0,0,0,0,0,0,0,0,0
"SPU_022882",5.02929880429879,0.753787878787879,0.361963666421553,2.7713034265551,"SP-COLF_7",11,769.333333333333,276.666666666667,120.333333333333,8365,2043,6322,0.011,0.121691447854055,0.0589003100016316
"SPU_023052",0.263157894736842,1.34163354663691,0.117583840948528,2.50162249387356,NA,0,0,0,0,0,0,0,0,0,0
"SPU_023126",94.5684523809524,5.30620490620491,0.0290335654342339,6.03722791836975,"SP-CENPE",11,126.333333333333,0,75,34364,7578,26786,0.011,0.00471639413624032,0.00989707046714173
"SPU_023135",0.825974784308117,1.83935044992622,-0.474892775048018,0.522222595343897,"SP-HYPP_1074",18.6666666666667,203,154,138.666666666667,6239,2253,3986,0.0186666666666667,0.0509282488710487,0.0615475662080189
"SPU_023296",0,13.21177357981,0.0815741620667886,9.49528617885078,"SP-CHD3",133.333333333333,278.666666666667,0,438.333333333333,30870,6477,24393,0.133333333333333,0.0114240424165403,0.0676753641088982
"SPU_023358",58.9312676043095,58.9312676043095,0.228753864999898,1.57405115198273,"SP-HELDR5_2",126.666666666667,0,0,0,7613,7347,266,0.126666666666667,0,0
"SPU_023386",1.26204852430146,0.131636682755595,-0.0156766140901489,7.39791205553394,NA,0,0,0,0,0,0,0,0,0,0
"SPU_023457",0.331531954887218,1.37837128700682,0.0488852730448635,8.89056096176763,"SP-ABCC9L",172.333333333333,1337.33333333333,0,487.666666666667,20695,1712,18983,0.172333333333333,0.0704489982264833,0.284852024922118
"SPU_023505",0.364298724954462,1.21799251773972,0.10932685615858,4.93196740522249,"SP-MT5/MMPL1",141.333333333333,1315.66666666667,539,86.3333333333333,35787,2718,33069,0.141333333333333,0.0397854990071265,0.0317635516311013
"SPU_023522",86.8118118118118,95.5948327732106,-0.302749350392208,2.46726844818621,"SP-Z66",95,260.666666666667,66.6666666666667,180.666666666667,6801,3237,3564,0.095,0.0731387953610176,0.0558129955720317
"SPU_023614",3.08366402116403,0.908846750595282,-0.365686510986992,0.0409600934915122,NA,0,0,0,0,0,0,0,0,0,0
"SPU_023651",0.0677506775067751,0,0.0523403913904245,4.74362780927852,"SP-TRPC_1",54.3333333333333,627.666666666667,0,364,12646,3136,9510,0.0543333333333333,0.0660007010164739,0.116071428571429
"SPU_023683",0,0,0.203129954995206,7.21931880049359,"SP-HYPP_2682",52,239.333333333333,0,234.666666666667,11120,3262,7858,0.052,0.0304572834478663,0.0719395054159003
"SPU_023689",2.42857142857142,1.09950886691124,-0.172266515837128,1.63000305989164,"SP-SLC24A4",78,405.666666666667,0,292.666666666667,3484,962,2522,0.078,0.160851176315094,0.304227304227304
"SPU_023693",0.495426829268293,0.471835075493611,0.196659531487189,6.43582881624348,"SP-ANPEP_1",63.6666666666667,851.666666666667,851.666666666667,302,29105,3077,26028,0.0636666666666667,0.0327211720711029,0.0981475463113422
"SPU_023730",0.86649002170922,0.402722016545817,-0.106641268524925,3.05520653874989,"SP-ISL",50.3333333333333,5523.66666666667,1400.33333333333,313.666666666667,57238,1441,55797,0.0503333333333333,0.0989957644078833,0.217672912329401
"SPU_023731",0.483312983312983,0.845487850022686,0.257906679333746,5.9668175010324,NA,0,0,0,0,0,0,0,0,0,0
"SPU_023879",1.54992521141186,1.86226260669444,0.996003502634411,1.01157283579484,"SP-HYPP_2693",77.3333333333333,116.666666666667,0,59.6666666666667,10157,1528,8629,0.0773333333333333,0.0135202997643605,0.0390488656195462
"SPU_023881",84.6625675459902,95.3739545137157,-0.153672004288406,5.18784733054838,"SP-NOLC1",3.33333333333333,163.333333333333,0,35.6666666666667,6275,2384,3891,0.00333333333333333,0.0419772123704275,0.0149608501118568
"SPU_023941",96.254510673449,90.8853381809,0.046558598371706,4.14329563103173,"SP-MYT1",16,1175.33333333333,7,89.6666666666667,200861,5747,195114,0.016,0.00602382880435711,0.0156023432515515
"SPU_024044",0.372529964366699,0.528446843853821,-0.3903079910521,2.5388319917997,"SP-TIE1/2",13,498,0,73,50474,3948,46526,0.013,0.0107036925589993,0.0184903748733536
"SPU_024093",0.496177651132151,0.75238175646289,-0.0774077060517286,2.71198541109627,NA,0,0,0,0,0,0,0,0,0,0
"SPU_024709",0.78088336783989,0.790499625923501,-0.20230700389855,2.21386007448924,"SP-NLR173",137,355,0,496.666666666667,12694,5515,7179,0.137,0.049449784092492,0.090057419159867
"SPU_024903",0.394318132535346,2.48245753340862,-0.193459298814842,6.29880174719869,"SP-ESE",94.3333333333333,310.666666666667,55.6666666666667,225.333333333333,13760,3302,10458,0.0943333333333333,0.0297061260916683,0.068241469816273
"SPU_024925",1.8904958677686,1.62262982115923,-0.344716815066396,0.178957002592875,"SP-SFE1",85.3333333333333,226.333333333333,0,217.666666666667,14505,4042,10463,0.0853333333333333,0.0216317818344006,0.053851228764638
"SPU_024949",1.07625482625483,1.81999302715988,0.199147777206243,3.7634254606139,"SP-SIAT7E",44.6666666666667,766.666666666667,36.3333333333333,153.666666666667,27059,1803,25256,0.0446666666666667,0.0303558230387499,0.0852283231650952
"SPU_024973",83.3258757183601,77.204385103594,0.0781206383204766,1.41839296591784,NA,0,0,0,0,0,0,0,0,0,0
"SPU_025058",98.6311798159555,11.5402107187702,-0.279940393709087,4.67951988179039,"SP-ODIN/CAJL",38.6666666666667,9.33333333333333,9.33333333333333,0,214351,4500,209851,0.0386666666666667,4.44760012262669e-05,0
"SPU_025100",0.105708245243129,16.1381052496446,-0.518776167159442,6.01227980245058,"SP-CTH",77.6666666666667,55,55,0,26399,927,25472,0.0776666666666667,0.00215923366834171,0
"SPU_025110",98.3614292489458,38.0178051101481,-0.165629080358385,4.4147243390665,"SP-XAB2",63.6666666666667,722,12.3333333333333,199.333333333333,52600,2316,50284,0.0636666666666667,0.0143584440378649,0.0860679332181923
"SPU_025244",0.271483976321698,0.934459805427548,0.387059382455742,4.4571828217476,"SP-MRLC",48,26,0,41,8391,536,7855,0.048,0.00330999363462763,0.0764925373134328
"SPU_025299",0,0.721288515406162,-0.105390395103436,4.65903772144948,"SP-CYP2L58",73.3333333333333,109.666666666667,3,111.666666666667,5852,1316,4536,0.0733333333333333,0.0241769547325103,0.0848530901722391
"SPU_025351",1.56923076923077,0.289641072239891,-0.286944797425355,0.1079097363923,"SP-HYPP_1144",63.6666666666667,119.333333333333,0,85,6441,2828,3613,0.0636666666666667,0.033028877202694,0.0300565770862801
"SPU_025507",0.140845070422535,2.53364132641211,0.956497879159043,0.686355196027033,"SP-UDX2",76.3333333333333,562.666666666667,310.666666666667,135.333333333333,124306,3897,120409,0.0763333333333333,0.00467296187715758,0.0347275682148661
"SPU_025584",1.84246750891313,0.37037037037037,-0.605115027118344,5.19735702217185,"SP-TBR",98.6666666666667,211.333333333333,164,165.666666666667,11783,4649,7134,0.0986666666666667,0.0296233996822727,0.0356349035634904
"SPU_025618",3.12242041440958,90.1313730707857,0.114003781870995,5.82776477647726,"SP-HYPP_232",142.333333333333,2513.66666666667,2500.66666666667,139.666666666667,190888,4932,185956,0.142333333333333,0.013517534613923,0.0283184644498513
"SPU_025662",0.217864923747277,1.25679680705622,-0.692963311707225,1.77997644550039,"SP-SLC22A13_4",26,15.3333333333333,0,5.33333333333333,98480,1272,97208,0.026,0.000157737360436727,0.00419287211740042
"SPU_025755",0,10.178503058339,-0.27477441632397,2.88019201226548,"SP-BETADI_1",55,76,0,26,123099,1283,121816,0.055,0.000623891771195902,0.0202650038971161
"SPU_025869",97.6262783424831,81.0572715572716,-0.11466819003664,6.19060028321605,"SP-HYPP_234",76.6666666666667,921.333333333333,688.333333333333,221.666666666667,57252,6060,51192,0.0766666666666667,0.0179976037922592,0.0365786578657866
"SPU_025876",75.7265685562589,81.5850304825879,-0.044881366404946,3.96384680084587,"SP-HYPP_235",223.333333333333,364.333333333333,40.3333333333333,26.6666666666667,27708,5698,22010,0.223333333333333,0.0165530819324549,0.00468000468000468
"SPU_025917",2.97337998646453,0,-0.142202753769327,7.96509212208254,"SP-ACS16",3.33333333333333,209.666666666667,0,55.3333333333333,10997,919,10078,0.00333333333333333,0.0208043924059006,0.0602103735944868
"SPU_025975",79.9165607551264,44.5269871254778,-0.0522748689401815,7.22713771055581,"SP-DCC/NEOGL",56.3333333333333,9465.33333333333,0,147.333333333333,201655,6335,195320,0.0563333333333333,0.0484606457778688,0.0232570376216785
"SPU_026131",2.48255436546576,1.97063613815051,0.215583910233095,2.67328487327567,"SP-UGT2B17L",20,577,0,364.666666666667,19597,3134,16463,0.02,0.0350482901050841,0.116358221654967
"SPU_026135",0.386383301488401,0.0712250712250712,-0.0898469515680801,6.56918977876301,"SP-LPH",59.6666666666667,369.666666666667,0,135.333333333333,10664,1504,9160,0.0596666666666667,0.0403566229985444,0.0899822695035461
"SPU_026245",4.78888726534087,15.4098028572397,0.165590094830467,5.03607233942183,"SP-ECHNL_9",118.333333333333,390,0,15.3333333333333,15722,954,14768,0.118333333333333,0.0264084507042254,0.0160726764500349
"SPU_026277",0.976990049751247,0.556608982948269,0.0498954512892241,8.06780741444055,"SP-WNT5",7.33333333333333,570,8.66666666666667,18,30170,4226,25944,0.00733333333333333,0.0219703977798335,0.00425934690014198
"SPU_026332",1.25037761461127,1.35555555555556,0.103135210639829,6.89608015640032,"SP-PRPF38B",43.3333333333333,530.666666666667,0,114.333333333333,29302,3746,25556,0.0433333333333333,0.0207648562633693,0.0305214450969923
"SPU_026354",0,2.79435189011354,-0.290242503484436,0.561045566046895,"SP-HYPP_1175",69,1677.33333333333,203,390.666666666667,28012,2439,25573,0.069,0.0655900102973188,0.160174935082684
"SPU_026445",100,10.8262007742465,-0.426628323773663,1.68415222894933,"SP-AGFG1L",28,296,0,31,27483,1367,26116,0.028,0.011334048093123,0.0226773957571324
"SPU_026550",1.31620952685682,0.955666946580096,0.00315296227485653,10.1826455804326,"SP-REELER/EGF/CUB_1",92,0,0,0,167353,20131,147222,0.092,0,0
"SPU_026557",100,96.6160947255865,0.00260853222274323,7.11434978845981,"SP-HYPP_1182",28.6666666666667,967.333333333333,0,113.333333333333,66782,2287,64495,0.0286666666666667,0.0149985787011913,0.0495554583879901
"SPU_026573",57.8599437227536,65.8617595604418,0.257645971866159,5.1883407002098,"SP-KLKB1L",46.3333333333333,164.666666666667,0,78,25898,5592,20306,0.0463333333333333,0.00810926163038839,0.0139484978540773
"SPU_026602",90.9674453918529,94.7670729029425,-0.195478922387838,4.56978596705516,NA,0,0,0,0,0,0,0,0,0,0
"SPU_026650",99.0389401161376,91.8782588496155,0.108202035267988,10.329328290864,"SP-GSN_1",56.6666666666667,364,0,111.666666666667,16286,4060,12226,0.0566666666666667,0.029772615736954,0.027504105090312
"SPU_026790",7.61215403056994,3.56926457585688,-0.389366705164964,0.459749325514653,NA,0,0,0,0,0,0,0,0,0,0
"SPU_026798",0.967936212349621,1.23581285790077,0.131346979128094,5.2830960396376,"SP-ADAM/TSL3",38.3333333333333,2811.33333333333,0,454.666666666667,198545,4257,194288,0.0383333333333333,0.0144699278047709,0.106804478897502
"SPU_026807",96.0140803189015,77.6127372478071,0.0106897227737137,2.18589194206022,"SP-H6PD",5.66666666666667,216,0,295.333333333333,13928,2754,11174,0.00566666666666667,0.0193305888670127,0.10723795691116
"SPU_026877",1.00430374964191,1.07297858272074,-0.592196493304114,3.17135182266709,"SP-IRF4",67,738.333333333333,0,312.666666666667,15185,2135,13050,0.067,0.0565772669220945,0.146448087431694
"SPU_026896",26.1259453302595,0.822463293820046,-0.0300678955350245,1.93456578264301,"SP-HYPP_262",21.6666666666667,3476.33333333333,0,309.666666666667,15128,3081,12047,0.0216666666666667,0.288564234525885,0.100508492913556
"SPU_026949",17.0634920634921,11.7214260964261,-0.814418470767133,5.95398622725867,"SP-TF",35.3333333333333,540.333333333333,4.33333333333333,106.666666666667,82311,4567,77744,0.0353333333333333,0.00695016121286959,0.0233559594190205
"SPU_026958",1.12285161707498,0.758709400592268,0.184580033810689,5.25744524328861,NA,0,0,0,0,0,0,0,0,0,0
"SPU_027001",3.61290322580646,0.970886459689227,-0.0325595934272523,6.49867592904102,"SP-USP4",1.66666666666667,1747.66666666667,0,496.333333333333,60284,4511,55773,0.00166666666666667,0.0313353534266879,0.110027340574891
"SPU_027235",0.800659937888199,0.972284448426922,-0.152716044589349,6.56013893531706,"SP-BLIMP1",104.333333333333,143,104,284,9804,2260,7544,0.104333333333333,0.0189554612937434,0.125663716814159
"SPU_027363",98.6209013545159,99.020995072662,-0.25835543300714,5.03568270253171,"SP-ST6L",82.6666666666667,1882.33333333333,32.6666666666667,369.666666666667,27016,2094,24922,0.0826666666666667,0.0755289837626729,0.176536134988857
"SPU_027377",0.926767676767677,0.647203947368421,0.00561433868861241,0.739579115241837,NA,0,0,0,0,0,0,0,0,0,0
"SPU_027379",0.822368421052632,0.995698380566802,0.233562852252101,0.676500185488293,"SP-SRCR220",72.3333333333333,279,242.333333333333,131.666666666667,7618,1966,5652,0.0723333333333333,0.0493630573248408,0.0669718548660563
"SPU_027400",0.630797773654916,0.0529100529100529,0.237185551902004,3.18395589507617,"SP-PH4_1",62.6666666666667,389.666666666667,228.333333333333,280.666666666667,16118,1980,14138,0.0626666666666667,0.0275616541707927,0.141750841750842
"SPU_027518",0.740989183197646,0.791737575025618,0.135437122756853,8.89923692827158,NA,0,0,0,0,0,0,0,0,0,0
"SPU_027561",88.2668775766851,36.3978759092574,-0.0658810382205689,5.86683634917867,"SP-ISYNA1",12,200.666666666667,0,85,19967,1844,18123,0.012,0.0110724861593923,0.0460954446854664
"SPU_027685",98.4576284962193,97.0439701935773,-0.35751545951214,1.36429665428412,"SP-SH2BRS1",4.66666666666667,1145.33333333333,778.666666666667,199.333333333333,16431,467,15964,0.00466666666666667,0.071744759041176,0.426837972876517
"SPU_027703",0,7.87385660768181,1.73499996865358,0.353853868835784,NA,0,0,0,0,0,0,0,0,0,0
"SPU_027832",2.63137421879181,0,0.0356310578319193,9.06611176436806,"SP-CHOLDHL_1",56,481.333333333333,313,552.333333333333,20172,6403,13769,0.056,0.0349577553441305,0.0862616481857463
"SPU_027899",1.81156947440472,0.969342524243741,-0.0595301924680861,8.78071309692788,"SP-GLUR1",130.666666666667,680.666666666667,449,712,17387,3957,13430,0.130666666666667,0.0506825515016133,0.179934293656811
"SPU_028034",1.72735760971055,0.343468468468468,0.0536558253439859,2.6496525467851,NA,0,0,0,0,0,0,0,0,0,0
"SPU_028049",1.05042016806723,1.52546716336625,0.869112499739167,0.845387442065344,"SP-CUB/CLECT/LDLA/LRR/GPCR",114.333333333333,514.333333333333,0,286,18918,4081,14837,0.114333333333333,0.0346655882815484,0.0700808625336927
"SPU_028072",1.83457054883967,1.69339569745852,0.454364245768394,1.36472863850767,"SP-ACHE_26",35.6666666666667,64.3333333333333,0,14,5794,1295,4499,0.0356666666666667,0.0142994739571757,0.0108108108108108
"SPU_028089",1.48024361259656,0,-0.511989539968256,1.04526975718485,NA,0,0,0,0,0,0,0,0,0,0
"SPU_028108",2.25482508634683,19.2551650489662,1.66941106536633,0.30889573282715,"SP-SACSL_5",70,92,12.6666666666667,139,141871,10134,131737,0.07,0.000698361128612311,0.0137162028813894
"SPU_028124",6.83658170914542,85.7251850823431,0.0795321131539528,7.07160301843677,NA,0,0,0,0,0,0,0,0,0,0
"SPU_028290",0.965568900355294,0.880285981559828,0.294320822403217,3.01870467687852,"SP-SLC22A9_1",48.6666666666667,249,0,167.333333333333,18139,2697,15442,0.0486666666666667,0.0161248542934853,0.0620442466938574
"SPU_028397",99.5978098841876,98.722286111821,0.452085030430873,3.65361981005631,"SP-DDX42",17.3333333333333,175.333333333333,0,67.6666666666667,14109,2702,11407,0.0173333333333333,0.015370678822945,0.0250431778929188
"SPU_028428",2.49124649859945,1.93562610229277,-0.398353657129586,1.88530585742563,"SP-SEC14L_3",52.6666666666667,127,0,13.6666666666667,9012,1047,7965,0.0526666666666667,0.0159447583176397,0.0130531677809615
"SPU_028543",19.3734060916147,3.6430096434017,-0.0690782983109439,5.78790394050852,NA,0,0,0,0,0,0,0,0,0,0
"SPU_028704",0.583187141434736,1.46111807296018,0.353647535575452,1.29199533327517,NA,0,0,0,0,0,0,0,0,0,0
"SPU_028726",96.968139818047,98.1937318996335,0.0107948398920218,3.17203086670038,NA,0,0,0,0,0,0,0,0,0,0
"SPU_028748",0.545481350434911,0,0.195529680930007,3.78333626887455,NA,0,0,0,0,0,0,0,0,0,0
"SPU_028749",0,1.55585980974392,0.18867687088713,5.25166508004829,NA,0,0,0,0,0,0,0,0,0,0
"SPU_028897",2.86236026422764,0.645998482663678,-0.491591961701725,0.806727407832053,"SP-APN6",96.3333333333333,117.666666666667,12,111.333333333333,22689,2969,19720,0.0963333333333333,0.00596686950642326,0.0374985966094083
"SPU_028935",2.03977345440381,0.832357101687079,0.0697932206586851,8.0906020086675,"SP-SLSP_27",75.6666666666667,454.666666666667,0,119,15952,3202,12750,0.0756666666666667,0.0356601307189542,0.0371642723297939
"SPU_030148",0.723162071846286,0.802105755209857,-0.2194341409896,4.35304432759183,NA,0,0,0,0,0,0,0,0,0,0
