"geneid","N","median","sd","se","ci","mRNA_var","splice","common_name","peak_density_TSS","peak_density_Introns","peak_density_Intron1","peak_density_Exons","gene_len","exon_len","intron_len","TSS_dens_norm","intron_dens_norm","exon_dens_norm"
"SPU_000178",6,4.14998500524815,6.57620969590095,2.68472636608344,6.90130883030799,1,FALSE,"SP-PP2AB56E",99,2345,635,166,46828,4005,42823,99,0.0547602923662518,0.0414481897627965
"SPU_000363",20,0.832217026595584,2.44024498499821,0.545655366820895,1.14206980817312,1,FALSE,NA,0,0,0,0,0,0,0,0,0,0
"SPU_000459",9,1.40438359251747,2.80862905412463,0.936209684708209,2.15890340435532,1,FALSE,"SP-SMYD3L",93,648.333333333333,0,31.3333333333333,18356,603,17753,93,0.0365196492611577,0.0519624101713654
"SPU_000667",13,77.1235906844224,4.59516675949846,1.27446995159072,2.77683148155124,1,FALSE,NA,0,0,0,0,0,0,0,0,0,0
"SPU_000713",14,57.3607832322308,11.5810063923674,3.09515415101983,6.68667401478395,1,FALSE,"SP-HYPP_1284",134.666666666667,0,0,0,1783,1783,0,134.666666666667,0,0
"SPU_000718",17,0.327731092436975,1.35126991091671,0.327731092436975,0.694758879576713,1,FALSE,"SP-CHST2L",103,32,32,49,971,971,0,103,0,0.0504634397528321
"SPU_000879",9,97.1481610542498,3.09369729148585,1.03123243049528,2.37802624907877,1,FALSE,NA,0,0,0,0,0,0,0,0,0,0
"SPU_000959",10,98.7719298245614,2.08864870298152,0.660488713337811,1.4941292738245,2,TRUE,"SP-EF1BD(N-TER)",103.666666666667,0,0,0,5499,291,5208,103.666666666667,0,0
"SPU_000972",10,0.786125585450417,2.28897005399133,0.723835886653118,1.63743053568274,1,FALSE,NA,0,0,0,0,0,0,0,0,0,0
"SPU_001192",5,37.7611826818972,33.1207414854345,14.8120458853258,41.1248322962779,1,FALSE,"SP-PAN3",81.6666666666667,657.333333333333,0,360,19546,5010,14536,81.6666666666667,0.045221060355898,0.0718562874251497
"SPU_001639",11,0.798368298368298,2.25571150973645,0.680122610280174,1.51540761207957,1,FALSE,"SP-LCT-8",158.666666666667,1503.66666666667,0,335.333333333333,4870,2573,2297,158.666666666667,0.654621970686403,0.130327762663557
"SPU_001672",5,0.153846153846154,0.344010458076891,0.153846153846154,0.42714540079966,1,FALSE,"SP-XRRA1L",70.6666666666667,86.6666666666667,56.6666666666667,12.3333333333333,9549,1123,8426,70.6666666666667,0.0102856238626474,0.0109824873849807
"SPU_001754",6,1.36029411764706,3.33202648834476,1.36029411764706,3.49674734994645,1,FALSE,"SP-ECHN18",13.3333333333333,34,0,0,21684,1526,20158,13.3333333333333,0.00168667526540331,0
"SPU_001785",5,0,0,0,0,1,FALSE,"SP-EGGBR1L",111.333333333333,582.333333333333,0,310,18537,4419,14118,111.333333333333,0.0412475799216131,0.0701516180131251
"SPU_001876",8,0,0,0,0,1,FALSE,"SP-HYPP_1351",71.3333333333333,357.333333333333,239.666666666667,69.6666666666667,17247,1367,15880,71.3333333333333,0.0225020990764064,0.0509631797122653
"SPU_001914",5,0,0,0,0,1,FALSE,"SP-HRH3",124.666666666667,43,0,23,1454,1454,0,124.666666666667,0,0.015818431911967
"SPU_002085",6,2.23267622461172,5.46891751114227,2.23267622461172,5.73927694784394,1,FALSE,NA,0,0,0,0,0,0,0,0,0,0
"SPU_002226",7,0.671182266009853,1.77578136025887,0.671182266009853,1.64232384097784,1,FALSE,"SP-SLC39A3",113.333333333333,0,0,0,1235,1235,0,113.333333333333,0,0
"SPU_002417",9,1.71648256443578,3.74100955092629,1.2470031836421,2.87559449809144,1,FALSE,NA,0,0,0,0,0,0,0,0,0,0
"SPU_002725",6,0,0,0,0,2,TRUE,"SP-HGD",33,412,0,142.333333333333,22337,1610,20727,33,0.0198774545279105,0.0884057971014493
"SPU_002739",7,0.539800366932323,0.939324427074285,0.355031262063827,0.868730202670932,1,FALSE,"SP-TMEM26-2",97.6666666666667,130,124.333333333333,57.6666666666667,11783,1200,10583,97.6666666666667,0.0122838514598885,0.0480555555555556
"SPU_002887",8,1.36424522282573,2.54883206235616,0.901148217698866,2.13087692985035,1,FALSE,"SP-B4GALT5",58,639.666666666667,0,52.6666666666667,38711,1242,37469,58,0.0170718905406247,0.0424047235641439
"SPU_002894",9,7.44988936031945,7.70264748721594,2.56754916240531,5.92077898584664,1,FALSE,NA,0,0,0,0,0,0,0,0,0,0
"SPU_002894",9,7.44988936031945,7.70264748721594,2.56754916240531,5.92077898584664,1,FALSE,NA,0,0,0,0,0,0,0,0,0,0
"SPU_002895",8,1.51707528123575,2.89729177813656,1.0243473316982,2.42219654258791,1,FALSE,"SP-PKS1",62,811.333333333333,44.6666666666667,1022.33333333333,13497,9123,4374,62,0.185490016765737,0.112061091015382
"SPU_003049",6,1.01237601237601,2.47980465815478,1.01237601237601,2.6023953882477,1,FALSE,NA,0,0,0,0,0,0,0,0,0,0
"SPU_003440",5,79.4708601698775,3.95503236346405,1.76874424358346,4.91082129744406,1,FALSE,"SP-HYPP_382",501.666666666667,859.666666666667,403.666666666667,55,10091,1872,8219,501.666666666667,0.104595044003731,0.0293803418803419
"SPU_003461",8,0.117924528301887,0.333540934521956,0.117924528301887,0.278847199480281,1,FALSE,"SP-UNK",110.333333333333,504.666666666667,0,222,24694,3478,21216,110.333333333333,0.0237870789341378,0.0638297872340425
"SPU_003776",33,0.446833890230116,1.60310208629395,0.279064253439739,0.568435282799206,1,FALSE,NA,0,0,0,0,0,0,0,0,0,0
"SPU_003803",6,1.35281385281385,3.31370365636253,1.35281385281385,3.47751871704047,1,FALSE,"SP-PPAT",106.333333333333,79,0,187.333333333333,7966,1556,6410,106.333333333333,0.0123244929797192,0.120394173093402
"SPU_003913",7,98.4827484122793,2.86669420310297,1.08350856375442,2.65124994546776,1,FALSE,"SP-OAT",65.3333333333333,485.666666666667,18.6666666666667,150,11146,1238,9908,65.3333333333333,0.049017628852106,0.121163166397415
"SPU_003941",7,11.2356854967692,4.1579211508433,1.57154647659241,3.84543569819908,1,FALSE,"SP-SLC15A4",47.6666666666667,110,0,36.3333333333333,7850,2042,5808,47.6666666666667,0.0189393939393939,0.0177930133855697
"SPU_004458",5,6.841179941328,10.5421189539987,4.71457892160603,13.0897695699618,1,FALSE,NA,0,0,0,0,0,0,0,0,0,0
"SPU_004472",9,0.493036720861184,1.04740288793511,0.349134295978369,0.805105130267715,1,FALSE,"SP-HYPP_1527",177.666666666667,0,0,0,1526,1526,0,177.666666666667,0,0
"SPU_004540",5,0,0,0,0,1,FALSE,"SP-HSP70BP",105.666666666667,125,0,62,10518,1219,9299,105.666666666667,0.0134423056242607,0.0508613617719442
"SPU_004661",11,0.709459459459459,2.35301083099538,0.709459459459459,1.5807741855308,1,FALSE,NA,0,0,0,0,0,0,0,0,0,0
"SPU_004699",5,96.1283358600518,4.21617319544808,1.88552997398688,5.23507046697961,1,FALSE,NA,0,0,0,0,0,0,0,0,0,0
"SPU_004767",19,0.621646573741635,1.99142266308083,0.456863691697156,0.959834999272442,3,TRUE,"SP-OTOP2L",148.333333333333,856.666666666667,609.666666666667,184,5994,1372,4622,148.333333333333,0.185345449300447,0.134110787172012
"SPU_004785",11,1.89633041925062,4.40327360359935,1.32763694476501,2.95815945796328,1,FALSE,"SP-GDI1",121.333333333333,230.666666666667,8,58,11448,1721,9727,121.333333333333,0.0237140605188307,0.0337013364323068
"SPU_004813",6,1.49543932125513,1.75591793553366,0.716850495376454,1.84272286228161,1,FALSE,"SP-SLC25A5",16,880.666666666667,60,51.3333333333333,4940,896,4044,16,0.217771183646555,0.0572916666666667
"SPU_004922",5,0.241755069639893,0.334385013731777,0.149541524272291,0.415193833089619,1,FALSE,NA,0,0,0,0,0,0,0,0,0,0
"SPU_005067",8,98.6219280794054,2.0576217395546,0.727479142577957,1.72021482306776,2,TRUE,NA,0,0,0,0,0,0,0,0,0,0
"SPU_005108",8,0.868779398377811,1.48775063659874,0.525999281926785,1.24379065836447,1,FALSE,"SP-HYPP_1565",55,0,0,0,2477,1210,1267,55,0,0
"SPU_005264",7,0,0,0,0,1,FALSE,"SP-PDELLA",91.6666666666667,3283,513,270.333333333333,96700,3332,93368,91.6666666666667,0.0351619398509125,0.0811324529811925
"SPU_005268",6,1.28968253968254,3.15906415239894,1.28968253968254,3.31523451024525,1,FALSE,"SP-HIGD1A",20.3333333333333,19.6666666666667,0,9.33333333333333,1523,306,1217,20.3333333333333,0.01615995617639,0.0305010893246187
"SPU_005372",5,3.37214509628303,4.70639353584262,2.10476317500194,5.8437594148347,1,FALSE,"SP-HYPP_445",11.6666666666667,143.333333333333,0,83.6666666666667,9455,1916,7539,11.6666666666667,0.0190122474245037,0.0436673625608907
"SPU_005561",6,98.5719742385042,2.21480234863813,0.904189272546865,2.32429251998618,1,FALSE,NA,0,0,0,0,0,0,0,0,0,0
"SPU_005590",5,1.84790334044065,4.13203748507424,1.84790334044065,5.13060218444511,1,FALSE,"SP-SLC23A1_1",2,6,0,0,14018,1174,12844,2,0.000467144191840548,0
"SPU_005648",5,0.625610948191594,1.3989086076245,0.625610948191594,1.7369744548647,1,FALSE,"SP-BHMT-9",75.6666666666667,172,0,159.333333333333,5973,1069,4904,75.6666666666667,0.0350734094616639,0.149048955410041
"SPU_005786",11,0.777089072543618,2.29208481615424,0.691089574804941,1.53984353182556,2,TRUE,"SP-DM3",69.6666666666667,148,93,107,9146,2112,7034,69.6666666666667,0.0210406596531134,0.0506628787878788
"SPU_005834",8,0.329861111111111,0.932988114065584,0.329861111111111,0.779997582990676,1,FALSE,"SP-CTS1",104.666666666667,937,0,342,14098,1443,12655,104.666666666667,0.0740418806795733,0.237006237006237
"SPU_005856",19,1.00891526201124,3.13912220601592,0.720164024602518,1.51300847187612,1,FALSE,"SP-CKIP1",324,659,659,65.3333333333333,10567,934,9633,324,0.068410671649538,0.0699500356887937
"SPU_005932",10,0.441176470588235,1.39512249713311,0.441176470588235,0.998010512999207,1,FALSE,NA,0,0,0,0,0,0,0,0,0,0
"SPU_006168",5,0,0,0,0,1,FALSE,"SP-GAL3ST1_1",106.666666666667,0,0,0,3862,3862,0,106.666666666667,0,0
"SPU_006284",13,0.889274297762362,2.18587436146173,0.60625246861326,1.320910656632,1,FALSE,"SP-HYPP_15",38.6666666666667,19.3333333333333,0,234,6106,3296,2810,38.6666666666667,0.00688018979833926,0.070995145631068
"SPU_006320",5,1.6951566951567,3.79048560288426,1.6951566951567,4.70650950881108,1,FALSE,NA,0,0,0,0,0,0,0,0,0,0
"SPU_006342",9,97.9975120817951,2.30390768926418,0.767969229754728,1.77094021952396,1,FALSE,NA,0,0,0,0,0,0,0,0,0,0
"SPU_006422",6,0,0,0,0,1,FALSE,"SP-SLC16A4L",62,26,10.6666666666667,109.666666666667,5615,1343,4272,62,0.00608614232209738,0.0816579796475552
"SPU_006576",7,18.6471598694964,20.0284312517752,7.57003546327874,18.5232094886844,1,FALSE,"SP-SPR",141.333333333333,326.333333333333,0,195.333333333333,1157,826,331,141.333333333333,0.985901309164149,0.236481033091203
"SPU_006596",6,3.05625174046227,4.84835685005158,1.97933339559232,5.08803847337795,2,TRUE,"SP-SWAP70",50,939,657,267.333333333333,18008,1363,16645,50,0.0564133373385401,0.196135974565909
"SPU_006613",8,1.7836673133263,3.07622665204055,1.08761036306233,2.57178984078082,1,FALSE,"SP-HYPP_1669",54.6666666666667,313.333333333333,0,108.333333333333,16630,1536,15094,54.6666666666667,0.0207588004063425,0.0705295138888889
"SPU_006666",14,1.05656896905103,2.68580450652082,0.717811447946742,1.55073735339431,1,FALSE,"SP-ING4",135.666666666667,80.6666666666667,0,35.3333333333333,8392,1245,7147,135.666666666667,0.0112867869968751,0.028380187416332
"SPU_006764",9,0.886711448755317,0.929669583706193,0.309889861235398,0.714607301466672,1,FALSE,NA,0,0,0,0,0,0,0,0,0,0
"SPU_006764",9,0.886711448755317,0.929669583706193,0.309889861235398,0.714607301466672,1,FALSE,NA,0,0,0,0,0,0,0,0,0,0
"SPU_006907",5,99.0864466534119,0.932800963992098,0.417161272992733,1.15822537447875,1,FALSE,"SP-GTF3C4L",40,627.333333333333,5.33333333333333,179.333333333333,12133,1667,10466,40,0.05994012357475,0.107578484303139
"SPU_006957",6,98.3311148294098,1.92034714270893,0.783978438108084,2.01528073253117,2,TRUE,"SP-HYPP_1689",118.333333333333,324,246.666666666667,91.3333333333333,13803,1291,12512,118.333333333333,0.0258951406649616,0.0707461915827524
"SPU_007099",8,1.78571428571429,5.05076272276106,1.78571428571429,4.22254330641569,1,FALSE,"SP-TMEM26",14.6666666666667,296.666666666667,152.666666666667,150.333333333333,3476,829,2647,14.6666666666667,0.1120765646644,0.181342983514274
"SPU_007320",6,0,0,0,0,1,FALSE,NA,0,0,0,0,0,0,0,0,0,0
"SPU_007331",11,1.15499196896173,2.56055404891224,0.772036094151567,1.72020361651484,1,FALSE,NA,0,0,0,0,0,0,0,0,0,0
"SPU_007482",17,71.5652251264039,3.35217327107047,0.813021439529165,1.72352845803837,1,FALSE,"SP-HYPP_25",163.333333333333,1915.33333333333,0,738.333333333333,5085,4358,727,163.333333333333,2.63457129756992,0.169420223344042
"SPU_007502",11,1.65053161008771,3.82085929485573,1.1520324234344,2.56688820140209,1,FALSE,"SP-GLB1",86.6666666666667,113,0,98.3333333333333,13929,2661,11268,86.6666666666667,0.0100283990060348,0.0369535262432669
"SPU_007682",27,1.23032898395217,3.47037096171253,0.667873202977531,1.37283303000102,1,FALSE,"SP-CBPDEL",141,1528,1528,0,50042,2200,47842,141,0.0319384641110321,0
"SPU_008118",10,0,0,0,0,1,FALSE,"SP-OPTNL",62.3333333333333,284,28.6666666666667,262.333333333333,11160,4544,6616,62.3333333333333,0.0429262394195889,0.0577318075117371
"SPU_008122",5,1.07117688513037,2.395224331078,1.07117688513037,2.97406381952125,1,FALSE,NA,0,0,0,0,0,0,0,0,0,0
"SPU_008239",6,0.685315732485543,0.875599129814659,0.357461847878481,0.918884933089413,1,FALSE,"SP-HYPP_1773",53,201.666666666667,0,106,15061,1131,13930,53,0.0144771476429768,0.0937223695844386
"SPU_008335",5,1.69867947178872,3.79836277090301,1.69867947178872,4.71629030474775,1,FALSE,"SP-TOR1A_1",49,276.333333333333,64.3333333333333,70.3333333333333,9952,1036,8916,49,0.0309929714371168,0.0678893178893179
"SPU_008477",8,1.08796296296296,3.07722395516368,1.08796296296296,2.57262360705696,1,FALSE,"SP-TLRL_15",117.333333333333,0,0,0,2762,2762,0,117.333333333333,0,0
"SPU_008647",46,0.887673181123207,1.97395260481256,0.291043433410618,0.586191565543843,1,FALSE,NA,0,0,0,0,0,0,0,0,0,0
"SPU_008654",8,0.223214285714286,0.631345340345133,0.223214285714286,0.527817913301962,1,FALSE,"SP-SSTR4L_2",44.6666666666667,614,614,1.66666666666667,2265,996,1269,44.6666666666667,0.483845547675335,0.00167336010709505
"SPU_008707",5,5.08152588397978,1.26113544224922,0.563996915540702,1.56590647549963,1,FALSE,"SP-NLR149",16.6666666666667,72,0,21.3333333333333,12256,2885,9371,16.6666666666667,0.00768327819869811,0.0073945696129405
"SPU_008804",5,1.53711279953244,3.43708870883954,1.53711279953244,4.26770930839871,1,FALSE,"SP-SLC7A11_9",45,0,0,15,9700,1901,7799,45,0,0.00789058390320884
"SPU_009025",8,0,0,0,0,1,FALSE,"SP-KCTD21",164.666666666667,152.333333333333,150,9.66666666666667,11970,718,11252,164.666666666667,0.0135383339258206,0.0134633240482823
"SPU_009026",8,0,0,0,0,1,FALSE,NA,0,0,0,0,0,0,0,0,0,0
"SPU_009041",6,1.12962962962963,2.76701619092174,1.12962962962963,2.9038054069225,1,FALSE,"SP-ACHE_16",102.333333333333,395.333333333333,122.333333333333,89.3333333333333,9773,1031,8742,102.333333333333,0.045222298482422,0.0866472680245716
"SPU_009052",7,5.67367821388395,5.55902049670914,2.10111225248616,5.14123647119429,1,FALSE,"SP-EPDMNH2",100.333333333333,318.333333333333,0,7.66666666666667,867,549,318,100.333333333333,1.00104821802935,0.0139647844565877
"SPU_009085",11,0.57207498383969,1.48666774182487,0.448247189778005,0.998756978838037,1,FALSE,"SP-DHPS_2",127.666666666667,0,0,0,4127,1000,3127,127.666666666667,0,0
"SPU_009232",9,1.50241597830697,3.7980789329709,1.2660263109903,2.91946190842091,1,FALSE,NA,0,0,0,0,0,0,0,0,0,0
"SPU_009393",5,1.86765432098765,4.17620202019961,1.86765432098765,5.18543969770768,1,FALSE,"SP-GRM7",137,0,0,0,632,632,0,137,0,0
"SPU_009490",8,1.32575757575758,2.45853422064601,0.869223109598989,2.05538604500266,1,FALSE,NA,0,0,0,0,0,0,0,0,0,0
"SPU_009526",10,3.98613396407514,6.41130243826174,2.02743184730982,4.58636947547709,1,FALSE,NA,0,0,0,0,0,0,0,0,0,0
"SPU_009527",9,1.70986145413833,2.86365757990395,0.954552526634651,2.20120207368909,1,FALSE,"SP-TNFSFL2",123,425.333333333333,0,61.6666666666667,14717,1243,13474,123,0.0315669684825095,0.0496111558058461
"SPU_009540",6,2.58243100985037,4.00071363570489,1.63328450241199,4.19849147432655,1,FALSE,"SP-FAM55C_2",45.3333333333333,130.666666666667,130.666666666667,10.6666666666667,9683,1699,7984,45.3333333333333,0.0163660654642619,0.00627820286443006
"SPU_009629",5,0,0,0,0,1,FALSE,"SP-ACOT2",3,434.333333333333,0,170.666666666667,12190,3087,9103,3,0.0477132080998938,0.0552856063060145
"SPU_009893",5,1.02380952380952,2.28930769124979,1.02380952380952,2.84255094103584,1,FALSE,NA,0,0,0,0,0,0,0,0,0,0
"SPU_009952",8,0,0,0,0,1,FALSE,"SP-TLR175",67.6666666666667,25.3333333333333,25.3333333333333,42.3333333333333,335,335,0,67.6666666666667,0,0.12636815920398
"SPU_010042",8,1.72377389231152,2.26380053431452,0.800374354533765,1.89258460908346,1,FALSE,NA,0,0,0,0,0,0,0,0,0,0
"SPU_010054",7,0,0,0,0,3,TRUE,NA,0,0,0,0,0,0,0,0,0,0
"SPU_010058",10,1.34169884169884,2.85886182919764,0.90405148959798,2.04510655273246,1,FALSE,NA,0,0,0,0,0,0,0,0,0,0
"SPU_010061",21,1.21324572992368,2.69315229312738,0.587694011490482,1.22590822614619,1,FALSE,"SP-HYPP_1896",118.333333333333,309.333333333333,22.6666666666667,165.666666666667,11561,1497,10064,118.333333333333,0.0307366189719131,0.110665775996437
"SPU_010101",5,1.35964912280702,3.04026786414445,1.35964912280702,3.77499115180402,1,FALSE,"SP-CLECT_22",81,0,0,0,1051,481,570,81,0,0
"SPU_010405",9,0.480499438832772,1.44149831649832,0.480499438832772,1.10803369291165,1,FALSE,"SP-ZNF503",346.333333333333,0,0,0,3781,2273,1508,346.333333333333,0,0
"SPU_010531",6,0.264550264550265,0.64801315946645,0.264550264550265,0.680048104665693,1,FALSE,"SP-ATUB12",83,0,0,0,2136,1383,753,83,0,0
"SPU_010608",6,0.578966066568194,1.1047922435394,0.451029544742697,1.15940835505089,1,FALSE,NA,0,0,0,0,0,0,0,0,0,0
"SPU_010617",8,1.38649160759766,2.92053020968806,1.0325633579653,2.44162435755083,1,FALSE,"SP-SLCO4A",116.333333333333,604,150.666666666667,367,12302,2012,10290,116.333333333333,0.0586977648202138,0.182405566600398
"SPU_010634",11,0.728438228438229,1.62225663013725,0.489128777802874,1.08984683344715,1,FALSE,"SP-Z447",219.333333333333,1590.33333333333,108.666666666667,161.333333333333,28217,2409,25808,219.333333333333,0.0616217193635049,0.0669710806697108
"SPU_010750",12,1.19490191772801,3.3310415632972,0.961588871625735,2.11644283655751,1,FALSE,"SP-PROTEASE",161.333333333333,784,0,228.666666666667,15627,2742,12885,161.333333333333,0.0608459448971672,0.0833941162168733
"SPU_010757",5,1.01044979424329,1.3014604102077,0.582030789449835,1.6159765364424,1,FALSE,"SP-TIF2L",37.6666666666667,0,0,0,21844,1477,20367,37.6666666666667,0,0
"SPU_010815",6,0.277777777777778,0.680413817439773,0.277777777777778,0.714050509898977,1,FALSE,NA,0,0,0,0,0,0,0,0,0,0
"SPU_010855",11,1.95055749516768,3.56527084453356,1.07496960611921,2.3951815440986,1,FALSE,NA,0,0,0,0,0,0,0,0,0,0
"SPU_011006",5,0,0,0,0,1,FALSE,NA,0,0,0,0,0,0,0,0,0,0
"SPU_011106",6,1.40755310778914,2.8917902538995,1.18056842753453,3.03474775554599,1,FALSE,"SP-ANXN",13.3333333333333,15.3333333333333,0,1.33333333333333,10287,947,9340,13.3333333333333,0.00164168451106353,0.00140795494544175
"SPU_011137",7,0.564300564300564,1.49299895783271,0.564300564300564,1.38079373839484,1,FALSE,"SP-SLC16A10L",115.333333333333,219.666666666667,0,154,8370,1778,6592,115.333333333333,0.0333232200647249,0.0866141732283465
"SPU_011168",8,1.01889855427591,2.52238636554128,0.891798251923366,2.10876777402604,1,FALSE,"SP-UNK_74",54,114.666666666667,0,121.333333333333,6520,1587,4933,54,0.0232448138387729,0.0764545263600084
"SPU_011177",6,3.30078563411897,5.21935553881416,2.13079297604398,5.47737771972009,1,FALSE,NA,0,0,0,0,0,0,0,0,0,0
"SPU_011197",6,2.92977814907639,5.2931051847765,2.16090114293041,5.55477322662267,1,FALSE,"SP-IKB",117,0,0,0,3815,1971,1844,117,0,0
"SPU_011363",5,0.892857142857142,1.99648926562481,0.892857142857142,2.4789688439266,1,FALSE,"SP-NETO2L",81.3333333333333,18.3333333333333,0,63.6666666666667,5520,931,4589,81.3333333333333,0.00399506065228445,0.0683852488363767
"SPU_011391",5,0,0,0,0,1,FALSE,NA,0,0,0,0,0,0,0,0,0,0
"SPU_011497",14,0.385022753443806,1.11829863318789,0.298877881534761,0.645686407377697,1,FALSE,"SP-DUR3_1",88,178,0,60,5829,698,5131,88,0.034691093354122,0.0859598853868195
"SPU_011784",7,3.36494597839135,5.90679965491342,2.23256041874044,5.46287854701315,1,FALSE,"SP-SLCO2A1",149,551.333333333333,135.333333333333,241.666666666667,14122,1996,12126,149,0.045467040518995,0.121075484301937
"SPU_011823",8,1.2865186166504,2.38344885537441,0.84267642412328,1.9926131087274,1,FALSE,"SP-TLR066",117,0,0,0,2738,2738,0,117,0,0
"SPU_012005",6,0.378787878787878,0.927837023781506,0.378787878787878,0.97370524077133,1,FALSE,"SP-ITIH",148,456,1.33333333333333,694,26227,7923,18304,148,0.0249125874125874,0.0875930834279944
"SPU_012293",8,3.15353933614524,6.06473877126316,2.14420895564257,5.07024849699487,1,FALSE,NA,0,0,0,0,0,0,0,0,0,0
"SPU_012329",5,0.357142857142858,0.798595706249927,0.357142857142858,0.991587537570643,1,FALSE,"SP-STX1",129,999,35.3333333333333,60.6666666666667,77361,854,76507,129,0.0130576287137125,0.0710382513661202
"SPU_012624",8,2.62446259098045,4.87555528213795,1.72376910102482,4.07606622042957,1,FALSE,NA,0,0,0,0,0,0,0,0,0,0
"SPU_012657",5,0.869565217391304,1.94440693695634,0.869565217391304,2.41430009147634,1,FALSE,NA,0,0,0,0,0,0,0,0,0,0
"SPU_012874",6,0.8093365844604,1.38640007610777,0.565995460969968,1.454937651022,1,FALSE,"SP-ABCG9",46,462.666666666667,39,254.333333333333,11025,1450,9575,46,0.0483202785030461,0.175402298850575
"SPU_012949",8,75.9952871717578,34.3766992413205,12.1539985741741,28.7396397823161,1,FALSE,"SP-Z122",89,45,0,470.666666666667,10161,5756,4405,89,0.0102156640181612,0.0817697475098448
"SPU_013000",11,57.6800608985921,7.14585312558201,2.15455578404945,4.80064945121232,1,FALSE,"SP-KIAA1432",13,962,209,132.666666666667,9028,1253,7775,13,0.123729903536977,0.105879223197659
"SPU_013225",5,0.227272727272728,0.50819726761359,0.227272727272728,0.631010251181319,1,FALSE,"SP-UQCRH",69,49.6666666666667,0,1,5933,1643,4290,69,0.0115773115773116,0.000608642726719416
"SPU_013330",9,1.40662564219045,2.09005131830553,0.696683772768509,1.60655566093382,1,FALSE,NA,0,0,0,0,0,0,0,0,0,0
"SPU_013330",9,1.40662564219045,2.09005131830553,0.696683772768509,1.60655566093382,1,FALSE,NA,0,0,0,0,0,0,0,0,0,0
"SPU_013408",7,100,0,0,0,1,FALSE,NA,0,0,0,0,0,0,0,0,0,0
"SPU_013501",5,94.5718037473763,6.1405997518945,2.74615969357089,7.62456163930637,1,FALSE,"SP-CLCN3",68.3333333333333,188.333333333333,0,104,17597,2950,14647,68.3333333333333,0.0128581507020778,0.0352542372881356
"SPU_013582",11,0,0,0,0,1,FALSE,NA,0,0,0,0,0,0,0,0,0,0
"SPU_013639",12,4.13930447931973,4.60722262388461,1.32999061105816,2.92728959800022,1,FALSE,NA,0,0,0,0,0,0,0,0,0,0
"SPU_013670",9,1.28390128390128,3.19450100648668,1.06483366882889,2.45551084362405,1,FALSE,NA,0,0,0,0,0,0,0,0,0,0
"SPU_013713",7,0,0,0,0,1,FALSE,"SP-HYPP_2099",102,230.333333333333,84.6666666666667,81.3333333333333,8615,1546,7069,102,0.0325835808931013,0.0526088831392842
"SPU_013756",5,2.1358543417367,3.06317522069165,1.36989360409189,3.80343439172269,1,FALSE,"SP-PPIB",91,180.333333333333,1.33333333333333,15.6666666666667,11582,2607,8975,91,0.0200928505106778,0.00600946170566424
"SPU_013764",5,0,0,0,0,1,FALSE,NA,0,0,0,0,0,0,0,0,0,0
"SPU_013817",6,92.6531672457942,8.77767321436882,3.58347008401651,9.21160310651898,2,TRUE,"SP-TTLL10L_2",53,2356.66666666667,2087.33333333333,80.3333333333333,83485,2302,81183,53,0.029029066019569,0.0348971908485375
"SPU_013933",8,0,0,0,0,2,TRUE,NA,0,0,0,0,0,0,0,0,0,0
"SPU_014111",11,0.581965204606714,1.93016022472288,0.581965204606714,1.29669928288836,1,FALSE,NA,0,0,0,0,0,0,0,0,0,0
"SPU_014139",5,1.27016129032258,2.84016698755013,1.27016129032258,3.52653309732784,1,FALSE,"SP-SLC46A3L_2",42,63,7.33333333333333,81.3333333333333,6571,1171,5400,42,0.0116666666666667,0.0694563051522915
"SPU_014286",6,0.120772946859903,0.295832094539031,0.120772946859903,0.310456743434337,1,FALSE,NA,0,0,0,0,0,0,0,0,0,0
"SPU_014298",7,0.76030412164866,2.01157562665975,0.76030412164866,1.86039716573647,1,FALSE,NA,0,0,0,0,0,0,0,0,0,0
"SPU_014340",7,1.38642413487134,3.66813347252744,1.38642413487134,3.39245764633009,1,FALSE,"SP-CFHL-1",33.3333333333333,128.333333333333,0,66.3333333333333,13147,1453,11694,33.3333333333333,0.0109742888090759,0.0456526726313375
"SPU_014361",8,90.2374592999593,18.0158050652558,6.36954896508867,15.0615899545564,1,FALSE,"SP-PRPF4",60.6666666666667,103.333333333333,0,89,18599,1809,16790,60.6666666666667,0.00615445701806631,0.0491984521835268
"SPU_014516",10,1.60409239453357,3.55150002765748,1.12308291975486,2.54059007133979,1,FALSE,NA,0,0,0,0,0,0,0,0,0,0
"SPU_014534",6,0,0,0,0,1,FALSE,"SP-MAE",151.666666666667,776.666666666667,548.333333333333,224.666666666667,26971,4047,22924,151.666666666667,0.0338800674693189,0.0555143727864262
"SPU_014573",6,1.40696122590024,2.60223346876519,1.06235736501124,2.73087654545235,1,FALSE,"SP-CYP3L1",19,305.666666666667,0,167.333333333333,9912,1568,8344,19,0.0366331096196868,0.10671768707483
"SPU_014654",8,0.941708754208754,1.77152309208722,0.626327995721718,1.48103036813508,1,FALSE,"SP-VPS33A",73.3333333333333,31,0,37.3333333333333,12971,1869,11102,73.3333333333333,0.00279228967753558,0.0199750312109863
"SPU_014660",8,0.431788247213779,0.84942250484863,0.300316206635465,0.710134985356569,1,FALSE,"SP-SLC25A4",90,0,0,80.3333333333333,5020,2437,2583,90,0,0.0329640268089181
"SPU_014666",7,0.754578754578754,1.99642772922823,0.754578754578754,1.84638769720096,1,FALSE,"SP-HYPP_760",60.6666666666667,1163.66666666667,0,29.6666666666667,3344,2295,1049,60.6666666666667,1.10931045440102,0.0129266521423384
"SPU_014819",5,1.75448369907403,2.58051748432237,1.15404250241431,3.20413565701843,1,FALSE,"SP-DEX1",108.666666666667,1083.33333333333,0,111.333333333333,25170,1955,23215,108.666666666667,0.0466652308134109,0.0569479965899403
"SPU_014829",7,1.9280500379898,2.97467732154311,1.12432234620954,2.75111767344724,1,FALSE,"SP-SRCR116",25,832,0,217.666666666667,20431,2209,18222,25,0.0456590934035781,0.0985362909310397
"SPU_014889",11,1.66524265208475,4.4246595477896,1.33408504955288,2.97252673076281,1,FALSE,NA,0,0,0,0,0,0,0,0,0,0
"SPU_015053",6,32.3084655114185,2.45494417388687,1.00222676217353,2.57630591003188,1,FALSE,NA,0,0,0,0,0,0,0,0,0,0
"SPU_015085",8,11.0585353863354,7.05879106416601,2.4956595142254,5.90129701105564,2,TRUE,"SP-FAM116A",61.3333333333333,441.333333333333,0,138,28353,2208,26145,61.3333333333333,0.0168802192898578,0.0625
"SPU_015145",10,0,0,0,0,2,TRUE,"SP-SFPQL",8.66666666666667,428.333333333333,0,216,10476,2014,8462,8.66666666666667,0.0506184511147877,0.107249255213505
"SPU_015155",5,1.42494929006085,3.18628347706613,1.42494929006085,3.95629348154452,1,FALSE,"SP-PRRDH",6.66666666666667,43.3333333333333,2.66666666666667,3.33333333333333,11767,623,11144,6.66666666666667,0.00388849006939459,0.00535045478865704
"SPU_015182",5,0,0,0,0,1,FALSE,"SP-HYPP_2196",22.3333333333333,705.333333333333,287.333333333333,179,19743,1111,18632,22.3333333333333,0.0378560183197367,0.161116111611161
"SPU_015280",6,0.441919191919192,1.08247652774509,0.441919191919192,1.13598944756655,1,FALSE,"SP-HYPP_778",68.6666666666667,110.666666666667,110.666666666667,13.6666666666667,6333,2059,4274,68.6666666666667,0.0258929964124162,0.0066375263072689
"SPU_015302",6,2.66808325160727,4.37331340791476,1.78539772244389,4.58951095470072,1,FALSE,NA,0,0,0,0,0,0,0,0,0,0
"SPU_015469",8,0,0,0,0,1,FALSE,NA,0,0,0,0,0,0,0,0,0,0
"SPU_015763",8,0,0,0,0,2,TRUE,"SP-MSP130R5",57.6666666666667,385.666666666667,0,137,20506,4012,16494,57.6666666666667,0.023382240006467,0.0341475573280159
"SPU_015801",5,0.685714285714286,1.53330375599986,0.685714285714286,1.90384807213563,1,FALSE,NA,0,0,0,0,0,0,0,0,0,0
"SPU_015831",12,0.944516643860368,2.25326359761216,0.650461172318282,1.43165538748835,1,FALSE,"SP-B4GALT5_5",65.6666666666667,358.333333333333,0,66,16117,1415,14702,65.6666666666667,0.0243731011653743,0.046643109540636
"SPU_015887",7,0.745550745550746,1.97254186250607,0.745550745550746,1.82429695491809,1,FALSE,NA,0,0,0,0,0,0,0,0,0,0
"SPU_015938",16,0.898220015725275,2.16802437602317,0.542006094005794,1.15525864275928,1,FALSE,"SP-SRCR129",42,197,108.666666666667,257.666666666667,10454,2531,7923,42,0.0248643190710589,0.101804293428158
"SPU_015968",7,1.56119617178281,2.27212822070554,0.858783745548362,2.10136812455295,1,FALSE,"SP-HRH2_3",3.66666666666667,265.666666666667,0,132,1577,1570,7,3.66666666666667,37.952380952381,0.0840764331210191
"SPU_015978",8,0.728055132113821,1.67841277526627,0.593408527510456,1.40318819525319,1,FALSE,NA,0,0,0,0,0,0,0,0,0,0
"SPU_015987",6,0,0,0,0,1,FALSE,"SP-HAO1_9",64,324,0,97.6666666666667,9548,1128,8420,64,0.038479809976247,0.0865839243498818
"SPU_016246",6,2.83597283322425,2.14937258601161,0.877477683809134,2.25562819517598,2,TRUE,"SP-HYPP_2254",88.6666666666667,125.333333333333,125.333333333333,211.333333333333,4371,1805,2566,88.6666666666667,0.0488438555468953,0.117082179132041
"SPU_016492",5,4.26473526473526,8.55614204294874,3.82642304663546,10.6238535382471,1,FALSE,"SP-MGST3",73,37.6666666666667,0,27.6666666666667,5650,514,5136,73,0.00733385254413292,0.0538261997405966
"SPU_016541",10,73.7058057456626,31.8349331277128,10.067089784272,22.7733392640236,1,FALSE,"SP-HYPP_2264",56,135,8.66666666666667,138.666666666667,11115,3098,8017,56,0.0168392166645878,0.0447600602539273
"SPU_016592",5,2.61865079365079,3.6078828453261,1.61349425940091,4.47977823877838,1,FALSE,NA,0,0,0,0,0,0,0,0,0,0
"SPU_016609",11,0.209678974260098,0.467446946667528,0.140940557408497,0.314035131782473,1,FALSE,"SP-BCDO",158.666666666667,1658,842.333333333333,249.666666666667,21772,1740,20032,158.666666666667,0.082767571884984,0.143486590038314
"SPU_016772",11,1.43950786056049,3.10194038044171,0.935270214907041,2.08391190293993,1,FALSE,"SP-CLECT_110",48.3333333333333,415.666666666667,94.3333333333333,25.6666666666667,986,505,481,48.3333333333333,0.864171864171864,0.0508250825082508
"SPU_016817",5,0,0,0,0,1,FALSE,NA,0,0,0,0,0,0,0,0,0,0
"SPU_016867",10,12.1130493359993,24.6542535542826,7.79635952428348,17.6365905416079,1,FALSE,NA,0,0,0,0,0,0,0,0,0,0
"SPU_016947",6,2.0858714268058,3.66907912226082,1.49789527923963,3.85046239649878,1,FALSE,"SP-SLC17A5_6",28.6666666666667,12.6666666666667,0,17.6666666666667,3594,862,2732,28.6666666666667,0.00463640800390434,0.0204949729311678
"SPU_016998",7,0,0,0,0,1,FALSE,"SP-HYPP_853",122.666666666667,91.6666666666667,29.3333333333333,54.3333333333333,1805,1805,0,122.666666666667,0,0.0301015697137581
"SPU_017087",12,0.734768339153843,1.75006666488417,0.505200730035333,1.11193930967523,1,FALSE,"SP-TTC19L",35.3333333333333,96.6666666666667,0,103.333333333333,12032,2273,9759,35.3333333333333,0.00990538648085528,0.0454612113213081
"SPU_017134",5,0.807976190291942,1.7031754767834,0.761683228739658,2.11477167214548,1,FALSE,NA,0,0,0,0,0,0,0,0,0,0
"SPU_017193",5,0,0,0,0,1,FALSE,"SP-BCOR",59.6666666666667,221.666666666667,0,107.333333333333,7865,2744,5121,59.6666666666667,0.0432858165722841,0.0391156462585034
"SPU_017218",6,1.12052730696799,2.74472014492654,1.12052730696799,2.88040714162638,1,FALSE,NA,0,0,0,0,0,0,0,0,0,0
"SPU_017259",11,1.9568585819429,3.76268700893847,1.13449281929032,2.52780752796021,1,FALSE,"SP-DNAJHC10",104.333333333333,388.333333333333,0,282,17117,5017,12100,104.333333333333,0.0320936639118457,0.0562088897747658
"SPU_017381",5,1.20963065744812,1.24530542127028,0.556917514941871,1.54625090835928,1,FALSE,NA,0,0,0,0,0,0,0,0,0,0
"SPU_017432",12,2.59289530558009,1.04197385506559,0.300791942855336,0.662038602499727,2,TRUE,NA,0,0,0,0,0,0,0,0,0,0
"SPU_017545",7,0,0,0,0,3,TRUE,"SP-SLSP_3",5,182.666666666667,18.3333333333333,31.6666666666667,12652,1069,11583,5,0.0157702379924602,0.0296227003429997
"SPU_017573",6,94.1934976983427,5.01571724022257,2.04765798877099,5.26367243153029,1,FALSE,"SP-CDIPT",45,82.3333333333333,0,30,10096,590,9506,45,0.00866119643733782,0.0508474576271186
"SPU_017624",5,0,0,0,0,1,FALSE,"SP-PROKR1",90.3333333333333,1245,1245,302.666666666667,26682,1282,25400,90.3333333333333,0.0490157480314961,0.236089443577743
"SPU_017638",6,0,0,0,0,1,FALSE,"SP-EXDL1",147.666666666667,7.66666666666667,0,31,5237,1371,3866,147.666666666667,0.00198310053457493,0.0226112326768782
"SPU_017726",11,0,0,0,0,1,FALSE,"SP-LKTNH",59,235.333333333333,0,250.333333333333,12263,3688,8575,59,0.027444120505345,0.0678778018799711
"SPU_017959",8,1.72868974921448,3.12601728861124,1.1052140114417,2.61341585465518,1,FALSE,"SP-BCDPH",123.333333333333,224.666666666667,203.333333333333,296,10879,3174,7705,123.333333333333,0.0291585550508328,0.0932577189666037
"SPU_017960",5,2.76673567977915,4.36463174572171,1.95192265603747,5.4194061040799,1,FALSE,NA,0,0,0,0,0,0,0,0,0,0
"SPU_017985",10,0,0,0,0,2,TRUE,NA,0,0,0,0,0,0,0,0,0,0
"SPU_018254",5,10.6502557492882,2.42222128985117,1.08325029213089,3.00758497129089,1,FALSE,"SP-LANCL",41.3333333333333,671,39.3333333333333,224.666666666667,12354,1341,11013,41.3333333333333,0.0609279941886861,0.167536664180959
"SPU_018339",7,1.46077754773407,3.86485411209114,1.46077754773407,3.57439389343698,1,FALSE,"SP-QRFPRL_4",66.3333333333333,0,0,0,2103,1717,386,66.3333333333333,0,0
"SPU_018466",8,1.3327205882353,3.76950306147242,1.3327205882353,3.15138342353819,1,FALSE,"SP-AKRL",122.666666666667,269,93,132,9854,784,9070,122.666666666667,0.0296582138919515,0.168367346938776
"SPU_018664",33,1.38845610275684,2.99151199500389,0.520755395853631,1.06074402960103,1,FALSE,NA,0,0,0,0,0,0,0,0,0,0
"SPU_018696",5,0,0,0,0,1,FALSE,"SP-HYPP_920",74,138,0,124.666666666667,7364,1652,5712,74,0.0241596638655462,0.0754640839386602
"SPU_018789",13,1.90640860409658,2.51372450779624,0.697181738865372,1.51902851724958,1,FALSE,"SP-HYPP_921",33,96.6666666666667,0,222,9687,3459,6228,33,0.0155213016484693,0.0641803989592368
"SPU_018997",6,1.36579994316567,2.42525310211048,0.990105432878786,2.54514704112304,1,FALSE,"SP-RHO",174.666666666667,0,0,0,1139,1139,0,174.666666666667,0,0
"SPU_019046",7,0.869176000333097,2.29962354242717,0.869176000333097,2.12679705594584,1,FALSE,"SP-PCCB",72.3333333333333,286,6,138.666666666667,16463,3645,12818,72.3333333333333,0.0223123732251521,0.0380429812528578
"SPU_019138",7,0.255102040816327,0.67493655894505,0.255102040816327,0.624212206924738,1,FALSE,"SP-LHH2BE",86.6666666666667,0,0,13.3333333333333,371,371,0,86.6666666666667,0,0.0359389038634322
"SPU_019170",9,0.398860398860399,1.1965811965812,0.398860398860399,0.919773729141263,1,FALSE,NA,0,0,0,0,0,0,0,0,0,0
"SPU_019198",20,0.313725490196079,1.40302304470575,0.313725490196078,0.65663499746143,1,FALSE,NA,0,0,0,0,0,0,0,0,0,0
"SPU_019388",5,0,0,0,0,1,FALSE,"SP-SLCO4A1_12",6,14,0,15,8734,1587,7147,6,0.0019588638589618,0.00945179584120983
"SPU_019443",8,0,0,0,0,1,FALSE,NA,0,0,0,0,0,0,0,0,0,0
"SPU_019538",10,1.5978835978836,3.5792519968424,1.13185886297278,2.5604426341505,1,FALSE,"SP-HYPP_938",118,280,0,285,13672,2925,10747,118,0.0260537824509165,0.0974358974358974
"SPU_019553",7,0,0,0,0,1,FALSE,"SP-AK",72.6666666666667,711,0,308.666666666667,18828,2741,16087,72.6666666666667,0.0441971778454653,0.11261096923264
"SPU_019707",11,0.460126875221214,1.52606820106745,0.460126875221215,1.02522656752343,2,TRUE,"SP-HYPP_942",59.3333333333333,237.666666666667,57.6666666666667,95.3333333333333,16833,2588,14245,59.3333333333333,0.0166842166842167,0.0368366821226172
"SPU_019995",9,1.29095441595442,3.03231121230336,1.01077040410112,2.33084073159917,1,FALSE,"SP-SYT5",73.6666666666667,235.666666666667,0,254.333333333333,8701,1306,7395,73.6666666666667,0.0318683795357223,0.194742215416029
"SPU_020026",5,3.51939686722296,4.84799089582825,2.16808743947441,6.01957575896955,1,FALSE,"SP-SLC5A7_4",106.666666666667,514.666666666667,5.33333333333333,196.666666666667,15666,1579,14087,106.666666666667,0.0365348666619342,0.124551403842094
"SPU_020092",6,0,0,0,0,1,FALSE,NA,0,0,0,0,0,0,0,0,0,0
"SPU_020096",6,0,0,0,0,1,FALSE,"SP-CHST4",109.333333333333,809.666666666667,558.333333333333,74.3333333333333,1453,1453,0,109.333333333333,0,0.0511585225969259
"SPU_020215",9,39.3749102320822,14.4837893791758,4.82792979305861,11.1332260672685,1,FALSE,"SP-PPPL_213",321.333333333333,0,0,0,2597,2593,4,321.333333333333,0,0
"SPU_020294",22,1.30020577549623,2.89342265677657,0.616879783144319,1.28287173755953,1,FALSE,"SP-HSP20.2",160,0,0,0,917,917,0,160,0,0
"SPU_020381",6,6.80825881702006,2.24988438197213,0.918511452681468,2.36110885608691,1,FALSE,"SP-RXFP2L_5",50,0,0,24.3333333333333,1757,1290,467,50,0,0.0188630490956072
"SPU_020457",10,0,0,0,0,1,FALSE,"SP-B7L3",79.6666666666667,0,0,0,1930,1687,243,79.6666666666667,0,0
"SPU_020487",7,98.9667774086379,1.78388198250407,0.674244013427808,1.64981566702005,1,FALSE,NA,0,0,0,0,0,0,0,0,0,0
"SPU_020593",6,0.238095238095238,0.583211843519805,0.238095238095238,0.612043294199123,1,FALSE,"SP-CHRM3L_14",33,0,0,0,2007,1213,794,33,0,0
"SPU_020600",5,2.01923076923076,4.51513726225917,2.01923076923076,5.60628338549552,1,FALSE,"SP-GPM6B",119.666666666667,1.33333333333333,0,153.333333333333,6230,3714,2516,119.666666666667,0.000529941706412295,0.0412852270687489
"SPU_020717",12,7.38587920733369,9.02882654077886,2.60639771689256,5.73664269617725,1,FALSE,"SP-B3GALT8",59.3333333333333,38.6666666666667,38.6666666666667,43.3333333333333,4837,1059,3778,59.3333333333333,0.0102346920769366,0.0409191060749134
"SPU_020717",12,7.38587920733369,9.02882654077886,2.60639771689256,5.73664269617725,1,FALSE,"SP-B3GALT8",59.3333333333333,38.6666666666667,38.6666666666667,43.3333333333333,4837,1059,3778,59.3333333333333,0.0102346920769366,0.0409191060749134
"SPU_020920",12,0.104166666666667,0.360843918243516,0.104166666666667,0.229269287509546,3,TRUE,"SP-ACTININ",112,2298.66666666667,1484.66666666667,109.666666666667,51582,5415,46167,112,0.0497902542219912,0.0202523853493383
"SPU_020937",6,0,0,0,0,1,FALSE,"SP-HAO1_16",26.6666666666667,0,0,0,4005,545,3460,26.6666666666667,0,0
"SPU_020958",7,0.98286709425759,1.81364075651397,0.685491772763859,1.67733794263826,1,FALSE,"SP-HYPP_1006",173.666666666667,1023.33333333333,0,80.6666666666667,31656,5720,25936,173.666666666667,0.0394560970594283,0.0141025641025641
"SPU_021125",8,0.337357954545455,0.954192389385257,0.337357954545455,0.797724800785919,1,FALSE,"SP-HNMT_1",68.6666666666667,683.333333333333,526,215.666666666667,11994,906,11088,68.6666666666667,0.0616281866281866,0.238042678440029
"SPU_021134",8,0.513136288998358,1.45136859849455,0.513136288998358,1.21337451333784,1,FALSE,"SP-ETHRL_1",7.66666666666667,361.666666666667,361.666666666667,55.3333333333333,23865,1021,22844,7.66666666666667,0.0158320200782116,0.0541952334312765
"SPU_021166",6,91.8229849112202,12.0881298799219,4.93495835838328,12.6857143156816,1,FALSE,NA,0,0,0,0,0,0,0,0,0,0
"SPU_021185",7,2.01209473150963,3.59199768131415,1.35764751066827,3.32204378353165,1,FALSE,"SP-CYP17R3",36.3333333333333,255.333333333333,0,135,10126,1097,9029,36.3333333333333,0.028279248347916,0.12306289881495
"SPU_021359",5,0.508762012436404,1.13762644417739,0.508762012436404,1.41254979913963,1,FALSE,"SP-B4GALT5_2",80,22.6666666666667,0,10.6666666666667,7559,1202,6357,80,0.00356562319752504,0.00887409872434831
"SPU_021553",6,0,0,0,0,1,FALSE,NA,0,0,0,0,0,0,0,0,0,0
"SPU_021567",6,4.32173760347134,4.76296223912453,1.94447119166652,4.99842232521606,1,FALSE,"SP-KCTD1L_6",61.6666666666667,62,0,28.6666666666667,3927,1589,2338,61.6666666666667,0.0265183917878529,0.0180406964547934
"SPU_021588",6,2.81009839833369,3.39354017730322,1.38540697600447,3.56130200748093,2,TRUE,"SP-ADRA1A",96.6666666666667,129,24.3333333333333,195.333333333333,4194,1864,2330,96.6666666666667,0.0553648068669528,0.104792560801144
"SPU_021641",8,76.106942847058,32.5914229374118,11.5228080837813,27.2471114413587,1,FALSE,"SP-HYPP_2570",10,325.333333333333,31,33.3333333333333,14678,995,13683,10,0.0237764622767912,0.033500837520938
"SPU_021652",8,0.807291666666666,2.28336564758156,0.807291666666666,1.90894145310876,1,FALSE,NA,0,0,0,0,0,0,0,0,0,0
"SPU_021768",6,0.48846516007533,1.19649039931146,0.48846516007533,1.25563966783083,1,FALSE,"SP-HYPP_2577",132,205.666666666667,73,135,10058,1970,8088,132,0.0254286185295087,0.0685279187817259
"SPU_022124",12,1.29022633021223,2.58298439838881,0.74564336886119,1.64114998958422,1,FALSE,"SP-B3GALT2_1",55,875.666666666667,0,92.3333333333333,548,548,0,55,0,0.168491484184915
"SPU_022168",15,3.78408216091759,8.64111050216287,2.23112513784099,4.78528749472013,1,FALSE,"SP-FAM55C_4",45,1590.33333333333,0,52.6666666666667,3912,1073,2839,45,0.560173770106845,0.0490835663249456
"SPU_022227",11,98.3614292489458,3.40533096285973,1.02674591734413,2.28773246955274,2,TRUE,NA,0,0,0,0,0,0,0,0,0,0
"SPU_022439",6,1.06349206349206,2.60501290105513,1.06349206349206,2.73379338075608,1,FALSE,NA,0,0,0,0,0,0,0,0,0,0
"SPU_022532",7,6.5414520853917,9.83820921844131,3.71849356260269,9.0988259667388,1,FALSE,NA,0,0,0,0,0,0,0,0,0,0
"SPU_022576",5,0,0,0,0,1,FALSE,NA,0,0,0,0,0,0,0,0,0,0
"SPU_022631",6,0,0,0,0,1,FALSE,"SP-HYPP_2620",122.333333333333,653.666666666667,589,119.333333333333,12865,1224,11641,122.333333333333,0.0561521060619076,0.0974945533769063
"SPU_022753",5,1.48259303721489,3.31517881418036,1.48259303721489,4.1163381811756,1,FALSE,"SP-SEA/CCP_1",95,1482.66666666667,433.333333333333,1861.33333333333,52116,20975,31141,95,0.0476114019031716,0.0887405641636869
"SPU_022924",6,3.16111161749663,5.14975416362743,2.10237833361006,5.40433555601336,2,TRUE,"SP-GRHPR",66.3333333333333,0,0,0,13155,2653,10502,66.3333333333333,0,0
"SPU_022933",5,1.44239155228166,3.06257657341579,1.36962588089121,3.80269107295263,1,FALSE,"SP-HYPP_1062",90.6666666666667,690,39.3333333333333,83.6666666666667,27006,1840,25166,90.6666666666667,0.0274179448462211,0.0454710144927536
"SPU_022939",6,0.601821730644112,1.47415615619677,0.601821730644112,1.54703200908496,1,FALSE,NA,0,0,0,0,0,0,0,0,0,0
"SPU_023281",8,0.883287637088734,2.49831471169474,0.883287637088734,2.08864336779211,1,FALSE,NA,0,0,0,0,0,0,0,0,0,0
"SPU_023324",16,1.16839721077009,3.22739695084632,0.806849237711581,1.7197584410556,2,TRUE,"SP-NOTCHL_94",71,648,0,206.666666666667,30910,3097,27813,71,0.0232984575558192,0.066731245291142
"SPU_023501",5,2.82894736842106,6.32571862055863,2.82894736842106,7.85441707391483,1,FALSE,"SP-NPFFR2L_3",15.6666666666667,0,0,0,947,947,0,15.6666666666667,0,0
"SPU_023526",5,96.8333333333333,4.34613493680176,1.9436506316151,5.39643928236233,1,FALSE,NA,0,0,0,0,0,0,0,0,0,0
"SPU_023602",6,0.126262626262626,0.309279007927169,0.126262626262626,0.324568413590444,2,TRUE,"SP-HYPP_2678",6.33333333333333,113.666666666667,2.66666666666667,66,8433,1179,7254,6.33333333333333,0.0156695156695157,0.0559796437659033
"SPU_023632",7,0,0,0,0,1,FALSE,"SP-MFSD10",52.3333333333333,72.6666666666667,0.666666666666667,19.3333333333333,24238,1236,23002,52.3333333333333,0.00315914558154363,0.0156418554476807
"SPU_023794",18,0.0816993464052289,0.346620971169877,0.0816993464052289,0.172370553744552,1,FALSE,"SP-WAP",47.6666666666667,312.666666666667,67.6666666666667,225.333333333333,4892,603,4289,47.6666666666667,0.0728996658117665,0.373687119955777
"SPU_024009",8,2.64514896867838,4.42065522707394,1.56293764417587,3.69576025714555,2,TRUE,NA,0,0,0,0,0,0,0,0,0,0
"SPU_024051",6,0.964728479133927,2.36309251420937,0.964728479133927,2.47991350478272,1,FALSE,"SP-HYPP_2705",77.3333333333333,0,0,0,1589,1589,0,77.3333333333333,0,0
"SPU_024087",5,0.559974030189904,1.25213999713914,0.559974030189904,1.55473715515864,1,FALSE,"SP-REELER/RING",114.666666666667,874,0,140.333333333333,23977,1515,22462,114.666666666667,0.0389101593802867,0.0926292629262926
"SPU_024087",5,0.559974030189904,1.25213999713914,0.559974030189904,1.55473715515864,2,TRUE,"SP-REELER/RING",114.666666666667,874,0,140.333333333333,23977,1515,22462,114.666666666667,0.0389101593802867,0.0926292629262926
"SPU_024181",6,4.12735849056603,10.1099222874306,4.12735849056603,10.6097127650084,1,FALSE,"SP-NELL1L",25.3333333333333,687,397.333333333333,17.6666666666667,40191,1634,38557,25.3333333333333,0.0178177762792748,0.010811913504692
"SPU_024503",6,0.344558113100313,0.843991563831944,0.344558113100313,0.885714826856788,1,FALSE,"SP-HYPP_2737",87,0,0,0,1058,1058,0,87,0,0
"SPU_024919",10,0.916666666666667,2.89875452182102,0.916666666666667,2.07364406589836,1,FALSE,NA,0,0,0,0,0,0,0,0,0,0
"SPU_024936",5,2.33333333333334,4.62147429846345,2.06678613752648,5.73831825502606,1,FALSE,NA,0,0,0,0,0,0,0,0,0,0
"SPU_025007",6,79.7187321195189,5.92706663911436,2.41971482288383,6.22007497112512,1,FALSE,"SP-HYPP_2762",64.3333333333333,37.6666666666667,0,17,5252,1703,3549,64.3333333333333,0.010613318305626,0.00998238402818555
"SPU_025098",13,0.664118490205447,2.39451326941947,0.664118490205447,1.44698988687886,1,FALSE,"SP-GPR126_1",95,95.6666666666667,28,103,4868,1569,3299,95,0.0289986864706477,0.065646908859146
"SPU_025128",6,0,0,0,0,1,FALSE,"SP-ST14L_4",86.3333333333333,126.333333333333,18.6666666666667,190,10743,1748,8995,86.3333333333333,0.0140448397257736,0.108695652173913
"SPU_025191",15,1.1643182299719,3.09889801412458,0.800132026686648,1.71611251941422,1,FALSE,"SP-HYPP_1142",95,292.666666666667,292.666666666667,212,11518,3499,8019,95,0.0364966537806044,0.0605887396398971
"SPU_025193",7,0.127551020408163,0.337468279472524,0.127551020408163,0.312106103462369,3,TRUE,NA,0,0,0,0,0,0,0,0,0,0
"SPU_025273",6,0.496727442730248,1.21672877592666,0.496727442730248,1.27687854154445,1,FALSE,NA,0,0,0,0,0,0,0,0,0,0
"SPU_025301",12,1.36339572170287,2.66750119302542,0.770041265928437,1.69484939896667,1,FALSE,NA,0,0,0,0,0,0,0,0,0,0
"SPU_025314",27,1.44380376250055,3.20996119375803,0.61775731976815,1.26981835672055,1,FALSE,"SP-NPFFR2L_4",140.666666666667,0,0,0,1205,1205,0,140.666666666667,0,0
"SPU_025363",11,0.471508251394399,1.56381595543179,0.471508251394399,1.05058585396397,2,TRUE,"SP-TTRSPN_20",46.3333333333333,104.333333333333,0,36.3333333333333,14909,616,14293,46.3333333333333,0.00729961053196203,0.058982683982684
"SPU_025370",14,0.706007844531606,1.80301614766672,0.481876334813564,1.04103053002239,1,FALSE,NA,0,0,0,0,0,0,0,0,0,0
"SPU_025699",11,0,0,0,0,1,FALSE,NA,0,0,0,0,0,0,0,0,0,0
"SPU_025711",11,1.21097488696934,2.49844346137492,0.753309047390674,1.67847715604393,1,FALSE,NA,0,0,0,0,0,0,0,0,0,0
"SPU_025799",8,95.8115130687608,1.57864250185417,0.558134409065192,1.31977815932396,1,FALSE,"SP-TTC39B_1",65.6666666666667,1.33333333333333,0,53.6666666666667,6454,975,5479,65.6666666666667,0.000243353409989657,0.055042735042735
"SPU_025877",9,0.254375254375254,0.763125763125763,0.254375254375254,0.586590388482948,1,FALSE,NA,0,0,0,0,0,0,0,0,0,0
"SPU_025995",8,0,0,0,0,1,FALSE,NA,0,0,0,0,0,0,0,0,0,0
"SPU_026003",13,1.46520146520146,4.01121377079028,1.11251053287936,2.42395222217746,1,FALSE,"SP-KCNA3",87.3333333333333,0,0,0,1703,1618,85,87.3333333333333,0,0
"SPU_026383",7,4.21166378871464,8.33020644880364,3.14852209048013,7.70415601678757,1,FALSE,"SP-SDCCAG1-2",6,0,0,0,14230,1979,12251,6,0,0
"SPU_026496",6,1.07142857142857,2.62445329583912,1.07142857142857,2.75419482389605,1,FALSE,"SP-SOCS4/5",129.666666666667,0,0,0,1911,1911,0,129.666666666667,0,0
"SPU_026688",6,1.04463437796771,2.5588211937906,1.04463437796771,2.68531815688504,1,FALSE,NA,0,0,0,0,0,0,0,0,0,0
"SPU_026707",6,2.32088970425862,3.79821356200948,1.55061419350703,3.98598067990903,1,FALSE,"SP-GRM_1",154.333333333333,0,0,0,452,452,0,154.333333333333,0,0
"SPU_026906",15,2.49595786588268,4.64954747180815,1.20050799504758,2.57483356651695,1,FALSE,"SP-HNRNPA1L",85,191.333333333333,0,206,6790,2286,4504,85,0.0424807578448786,0.0901137357830271
"SPU_026973",5,0.856967564888356,1.74260108519822,0.779314896833624,2.16372503072144,1,FALSE,NA,0,0,0,0,0,0,0,0,0,0
"SPU_027245",15,0.512820512820513,1.98614530574739,0.512820512820513,1.09989060918862,1,FALSE,"SP-ULK1",149,1388.33333333333,0,319.666666666667,37710,4691,33019,149,0.0420464984806727,0.0681446741988204
"SPU_027295",5,0.5,1.11803398874989,0.5,1.3882225525989,1,FALSE,"SP-CHDH-4",31.6666666666667,6.33333333333333,6.33333333333333,46,6134,1867,4267,31.6666666666667,0.00148425904226232,0.0246384574183182
"SPU_027354",8,99.4782456528146,1.16707568921419,0.41262356700066,0.975699693308481,1,FALSE,"SP-HYPP_1200",60.6666666666667,60.3333333333333,60.3333333333333,473,8991,3205,5786,60.6666666666667,0.0104274686023735,0.147581903276131
"SPU_027535",9,0.173611111111111,0.520833333333333,0.173611111111111,0.400347940139612,1,FALSE,"SP-LY/ZP",24.6666666666667,733.333333333333,22,259.333333333333,18931,1857,17074,24.6666666666667,0.0429502947952052,0.139651768084724
"SPU_027546",6,1.4417107324716,2.23553539441988,0.912653503043373,2.34605051715315,1,FALSE,"SP-HYPP_270",74.3333333333333,468,57,58.6666666666667,24852,3899,20953,74.3333333333333,0.0223357037178447,0.0150465931435411
"SPU_027557",18,0.70475018602849,1.54693602728793,0.364616318319024,0.769273188321709,1,FALSE,NA,0,0,0,0,0,0,0,0,0,0
"SPU_027607",13,99.2400386351999,1.07279063841317,0.297538588818188,0.648280894638151,1,FALSE,NA,0,0,0,0,0,0,0,0,0,0
"SPU_027618",8,2.01350999048368,3.67434146653844,1.29907588369213,3.07182633923773,1,FALSE,"SP-GT",128.666666666667,1184,93.3333333333333,145.666666666667,20768,1105,19663,128.666666666667,0.060214616284392,0.131825037707391
"SPU_027673",6,0,0,0,0,3,TRUE,"SP-GLDC",178.666666666667,398.333333333333,0,518.666666666667,11293,4208,7085,178.666666666667,0.0562220653963773,0.123257287705957
"SPU_027861",10,0.70430793285056,1.74857590891943,0.552948253388452,1.25085585205944,1,FALSE,"SP-MAMDC2_3",122.333333333333,116,0,121.333333333333,12937,3145,9792,122.333333333333,0.0118464052287582,0.038579756226815
"SPU_027884",18,0.198289222341026,0.803348535537151,0.189351065711534,0.399495828117534,1,FALSE,"SP-HRH3L_20",140.666666666667,230,230,0,25582,1383,24199,140.666666666667,0.00950452498037109,0
"SPU_027993",12,0,0,0,0,1,FALSE,NA,0,0,0,0,0,0,0,0,0,0
"SPU_028166",9,0,0,0,0,1,FALSE,"SP-LNP",36,28.6666666666667,0,20.3333333333333,10726,4091,6635,36,0.0043205224817885,0.00497025992014992
"SPU_028203",14,2.27928407416049,3.32799040477957,0.889442848654019,1.92152445194712,1,FALSE,"SP-APOBL",53.3333333333333,360.333333333333,242.666666666667,175,2802,716,2086,53.3333333333333,0.172738894215404,0.244413407821229
"SPU_028209",11,0.922013562700495,1.60209975487022,0.483051251238625,1.07630526038536,1,FALSE,"SP-RAB6",79.3333333333333,414.333333333333,46,36.3333333333333,22148,1234,20914,79.3333333333333,0.0198112906824774,0.0294435440302539
"SPU_028302",5,0.465116279069768,1.04003161744176,0.465116279069768,1.29136981637107,1,FALSE,NA,0,0,0,0,0,0,0,0,0,0
"SPU_028650",13,1.46045651004462,2.75501235220593,0.764102946185779,1.6648373023361,1,FALSE,"SP-FIC2",54.3333333333333,0,0,0,2761,618,2143,54.3333333333333,0,0
"SPU_028705",5,3.65988113569746,5.50594309913915,2.4623326099842,6.83653132235954,1,FALSE,"SP-EBR1L_11",7.66666666666667,8.66666666666667,0,11.6666666666667,3654,652,3002,7.66666666666667,0.00288696424605818,0.0178936605316973
"SPU_028834",20,0.205108359133127,0.917272467550224,0.205108359133127,0.429296729425853,1,FALSE,NA,0,0,0,0,0,0,0,0,0,0
"SPU_030022",8,0.793850806451613,2.24534915396938,0.793850806451612,1.87715886908197,1,FALSE,NA,0,0,0,0,0,0,0,0,0,0
