"geneid","N","median","sd","se","ci","GE_logFC","GE_logCPM","common_name","peak_density_TSS","peak_density_Introns","peak_density_Intron1","peak_density_Exons","gene_len","exon_len","intron_len","TSS_dens_norm","intron_dens_norm","exon_dens_norm"
"SPU_000020",8,5.70335932283764,4.66983480275952,1.6510359280261,3.90407959566152,0.0212085448285463,0.491435409023019,NA,0,0,0,0,0,0,0,0,0,0
"SPU_000102",11,0.205839911722265,0.68269375406263,0.205839911722265,0.458639904597802,-0.286688618718234,2.44791364776166,"SP-SNRK",213.333333333333,348.666666666667,2.33333333333333,158,595,595,0,0.213333333333333,0,0.265546218487395
"SPU_000178",6,4.14998500524815,6.57620969590095,2.68472636608344,6.90130883030799,-0.0498720955075436,7.43440028288097,"SP-PP2AB56E",99,2345,635,166,46828,4005,42823,0.099,0.0547602923662518,0.0414481897627965
"SPU_000191",7,1.70459463151962,2.42535620497815,0.916698479874227,2.24308037433082,0.220195075901589,7.99349363936087,"SP-CMPK",120.333333333333,500.333333333333,317,78.6666666666667,18546,2954,15592,0.120333333333333,0.0320891055242004,0.0266305574362446
"SPU_000252",5,0,0,0,0,-0.11608377950459,7.6301735278442,"SP-MED1",89.6666666666667,398.333333333333,0,611.666666666667,21482,9520,11962,0.0896666666666667,0.0332998941091233,0.064250700280112
"SPU_000279",9,0.798968748034961,1.94748497898406,0.649161659661353,1.49696947159508,0.0919220682382356,4.06207468956583,"SP-CYP17A1",58.6666666666667,0,0,0,2739,656,2083,0.0586666666666667,0,0
"SPU_000313",8,98.4747979204501,2.39408927284598,0.846438379797682,2.0015087203485,0.0787558913375589,4.89769128870761,"SP-VPS37HA",80,179.333333333333,0,130.333333333333,8924,1219,7705,0.08,0.0232749296993294,0.106918238993711
"SPU_000363",20,0.832217026595584,2.44024498499821,0.545655366820895,1.14206980817312,0.229196404421595,5.41795948494018,NA,0,0,0,0,0,0,0,0,0,0
"SPU_000439",20,0.168912858273867,0.584761494491317,0.130756645230695,0.273676803741579,0.263249487643953,8.17152925275242,"SP-P58-A",131,1594.33333333333,839.666666666667,321,28702,2618,26084,0.131,0.0611230383887952,0.122612681436211
"SPU_000446",5,0,0,0,0,-0.0815274068952915,3.32066750877432,"SP-ADRM1L",75,28,0,5.33333333333333,2025,340,1685,0.075,0.0166172106824926,0.0156862745098039
"SPU_000601",8,99.6527777777778,0.98209275164799,0.347222222222225,0.821050087358612,0.106211881165912,1.6503059424129,NA,0,0,0,0,0,0,0,0,0,0
"SPU_000667",13,77.1235906844224,4.59516675949846,1.27446995159072,2.77683148155124,-0.776763257066154,1.752159618235,NA,0,0,0,0,0,0,0,0,0,0
"SPU_000668",13,0.466844867076372,1.04433596912819,0.289646683500235,0.631085910080874,-0.0443690016204967,6.12458647032757,NA,0,0,0,0,0,0,0,0,0,0
"SPU_000713",14,57.3607832322308,11.5810063923674,3.09515415101983,6.68667401478395,0.231021590297468,1.51873013085363,"SP-HYPP_1284",134.666666666667,0,0,0,1783,1783,0,0.134666666666667,0,0
"SPU_000735",11,0,0,0,0,-0.0830107298752734,3.31304463815712,"SP-SPA17",64,156.333333333333,11,31.3333333333333,6545,432,6113,0.064,0.02557391351764,0.0725308641975309
"SPU_000739",5,0,0,0,0,-0.26071508003078,4.42800094059716,NA,0,0,0,0,0,0,0,0,0,0
"SPU_000774",7,0,0,0,0,-0.0227124821536847,3.86915695200364,"SP-B3GALT5",115.666666666667,7.66666666666667,7.66666666666667,11.3333333333333,638,638,0,0.115666666666667,0,0.0177638453500522
"SPU_000879",9,97.1481610542498,3.09369729148585,1.03123243049528,2.37802624907877,0.0907130324887326,6.10990581081284,NA,0,0,0,0,0,0,0,0,0,0
"SPU_000931",6,0,0,0,0,0.33021233747545,0.469925331341629,"SP-ST8SIA",51.6666666666667,2,0,56.3333333333333,4146,1007,3139,0.0516666666666667,0.000637145587766805,0.0559417411453161
"SPU_000959",10,98.7719298245614,2.08864870298152,0.660488713337811,1.4941292738245,-0.0400275733711751,2.17235836372681,"SP-EF1BD(N-TER)",103.666666666667,0,0,0,5499,291,5208,0.103666666666667,0,0
"SPU_000972",10,0.786125585450417,2.28897005399133,0.723835886653118,1.63743053568274,0.491141626007329,2.42989255599819,NA,0,0,0,0,0,0,0,0,0,0
"SPU_001192",5,37.7611826818972,33.1207414854345,14.8120458853258,41.1248322962779,-0.0242774463887523,7.54002660139937,"SP-PAN3",81.6666666666667,657.333333333333,0,360,19546,5010,14536,0.0816666666666667,0.045221060355898,0.0718562874251497
"SPU_001254",12,0.396446112630463,1.19424115264203,0.344747725477603,0.75878462775155,0.753343032662737,0.257676841379182,"SP-HYPP_3111",30.3333333333333,553.666666666667,0,329,13119,3094,10025,0.0303333333333333,0.0552285951787199,0.106334841628959
"SPU_001596",29,0.54476126605838,1.98772362697061,0.369111011112824,0.756089631278772,-0.0090555897515444,11.1665590994448,"SP-ATP11",130,1706.33333333333,1706.33333333333,0,41302,3842,37460,0.13,0.045550809752625,0
"SPU_001633",6,1.29295962629296,3.16709134243738,1.29295962629296,3.3236585295598,-0.0820284533985803,3.00392672691501,"SP-UNK_109",40.6666666666667,96,0,0,9108,515,8593,0.0406666666666667,0.0111718840917025,0
"SPU_001672",5,0.153846153846154,0.344010458076891,0.153846153846154,0.42714540079966,0.0837483205240322,4.1920426855508,"SP-XRRA1L",70.6666666666667,86.6666666666667,56.6666666666667,12.3333333333333,9549,1123,8426,0.0706666666666667,0.0102856238626474,0.0109824873849807
"SPU_001729",5,1.06746681214766,2.38692835568717,1.06746681214766,2.96376300554847,-0.512319146400092,1.50813401570024,NA,0,0,0,0,0,0,0,0,0,0
"SPU_001754",6,1.36029411764706,3.33202648834476,1.36029411764706,3.49674734994645,0.81435348094921,0.0548984571081338,"SP-ECHN18",13.3333333333333,34,0,0,21684,1526,20158,0.0133333333333333,0.00168667526540331,0
"SPU_001785",5,0,0,0,0,-0.106707596117986,9.04085953709274,"SP-EGGBR1L",111.333333333333,582.333333333333,0,310,18537,4419,14118,0.111333333333333,0.0412475799216131,0.0701516180131251
"SPU_001876",8,0,0,0,0,0.291984670517198,2.72358404986445,"SP-HYPP_1351",71.3333333333333,357.333333333333,239.666666666667,69.6666666666667,17247,1367,15880,0.0713333333333333,0.0225020990764064,0.0509631797122653
"SPU_002009",6,81.7509236690271,3.2900014524876,1.34313746860169,3.45264477955004,-0.0988901742383602,3.76567697299435,"SP-Z480_1",268,22.6666666666667,0,25.3333333333333,1070,1070,0,0.268,0,0.0236760124610592
"SPU_002131",5,2.10186403588722,3.62422681141704,1.62080350324116,4.50007195306136,0.0606078227808709,2.96868439757259,NA,0,0,0,0,0,0,0,0,0,0
"SPU_002177",8,0.971509971509972,2.39572560757584,0.84701691148957,2.00287673041746,0.256453670518416,3.93735563602061,NA,0,0,0,0,0,0,0,0,0,0
"SPU_002219",6,0,0,0,0,0.189213678938467,9.91877013288623,"SP-NEFL",92.3333333333333,488.333333333333,297.333333333333,48.3333333333333,25920,4720,21200,0.0923333333333333,0.0230345911949686,0.0102401129943503
"SPU_002226",7,0.671182266009853,1.77578136025887,0.671182266009853,1.64232384097784,-0.0237889890207096,2.86692141259556,"SP-SLC39A3",113.333333333333,0,0,0,1235,1235,0,0.113333333333333,0,0
"SPU_002252",9,1.70736799688258,2.60890742583691,0.869635808612302,2.00538377078159,-0.12200063090318,6.48133525209675,"SP-RAB39",7.66666666666667,0,0,0,4222,3578,644,0.00766666666666667,0,0
"SPU_002295",14,0,0,0,0,0.130145041236149,10.0668985759338,"SP-SEPHS2",157,73.3333333333333,0,89.3333333333333,7879,3886,3993,0.157,0.0183654729109275,0.0229885057471264
"SPU_002344",9,65.3372288109733,1.74151421565464,0.580504738551548,1.33864632760548,0.325100091910674,1.56539100528595,"SP-HYPP_1388",60,392.333333333333,0,171.666666666667,9600,1185,8415,0.06,0.0466230936819172,0.144866385372714
"SPU_002417",9,1.71648256443578,3.74100955092629,1.2470031836421,2.87559449809144,-0.171154778199014,2.46512295510553,NA,0,0,0,0,0,0,0,0,0,0
"SPU_002447",19,1.5896329400683,3.43682404278512,0.788461509959539,1.65649616415572,-0.0285267938985585,3.79037158256628,NA,0,0,0,0,0,0,0,0,0,0
"SPU_002558",5,0.747417064853334,1.17098971369438,0.523682520154729,1.45397576976124,0.279140355118106,5.32797621205519,"SP-SLC17A5",45.6666666666667,281.666666666667,0,235.666666666667,13403,3963,9440,0.0456666666666667,0.0298375706214689,0.0594667339557574
"SPU_002587",16,0.813341750841751,2.24667462648751,0.561668656621876,1.19716840291187,0.0548295724578488,8.52141347412257,"SP-EF1BG",73.3333333333333,1337.66666666667,0,198.666666666667,12329,2405,9924,0.0733333333333333,0.134791078866049,0.0826056826056826
"SPU_002725",6,0,0,0,0,-0.0188098633633052,4.49967189875922,"SP-HGD",33,412,0,142.333333333333,22337,1610,20727,0.033,0.0198774545279105,0.0884057971014493
"SPU_002816",8,1.63417832167832,3.10580562464319,1.09806810911626,2.59651848071694,0.743356796957073,3.78922628032909,"SP-HB9",170.333333333333,1810.66666666667,1810.66666666667,19.3333333333333,29897,2055,27842,0.170333333333333,0.0650336422191892,0.00940794809407948
"SPU_002895",8,1.51707528123575,2.89729177813656,1.0243473316982,2.42219654258791,-0.0352540476472767,12.0950816718769,"SP-PKS1",62,811.333333333333,44.6666666666667,1022.33333333333,13497,9123,4374,0.062,0.185490016765737,0.112061091015382
"SPU_002899",7,0.571646341463414,1.51243405739211,0.571646341463414,1.39876820759049,-1.12639170959118,0.276193794734713,"SP-CYP2LF",96.6666666666667,450.666666666667,394,95.3333333333333,885,405,480,0.0966666666666667,0.938888888888889,0.235390946502058
"SPU_003049",6,1.01237601237601,2.47980465815478,1.01237601237601,2.6023953882477,-0.423770920363889,3.25389490996289,NA,0,0,0,0,0,0,0,0,0,0
"SPU_003107",7,0.385551948051949,0.669847797578304,0.253178669808075,0.619505887610498,0.185990319023964,10.7383850658879,"SP-MSY",82,178.333333333333,0,51,8845,2303,6542,0.082,0.0272597574645878,0.0221450282240556
"SPU_003231",11,99.0478556052327,2.15847945532738,0.650806042819237,1.45008622911298,0.415997694209047,0.114237575472969,"SP-CYP17R1",84.3333333333333,3171.66666666667,0,135,6639,1576,5063,0.0843333333333333,0.626440186977418,0.0856598984771574
"SPU_003239",6,3.85723514211886,6.35181443698006,2.5931173852408,6.66582044817272,-0.0683483783849961,1.41407451009449,NA,0,0,0,0,0,0,0,0,0,0
"SPU_003312",5,2.67319717601854,4.60639587266903,2.06004286051248,5.71959591656755,-0.378493440231101,2.45054231991656,"SP-NPC2L_1",46,1690.33333333333,1690.33333333333,67,9381,392,8989,0.046,0.188044647161345,0.170918367346939
"SPU_003345",6,0.0992063492063492,0.243004934799918,0.0992063492063492,0.255018039249634,-0.0999148504059852,5.27020452358144,"SP-DKK1",50.6666666666667,310.333333333333,101,29,3503,2849,654,0.0506666666666667,0.474515800203874,0.0101790101790102
"SPU_003354",10,2.36429512516469,4.99726038884917,1.58027248897021,3.5748247300969,-0.134779860088564,0.326153748129318,"SP-HYPP_1446",103.666666666667,829.666666666667,751.333333333333,120.666666666667,21433,1114,20319,0.103666666666667,0.0408320619453057,0.108318372232196
"SPU_003440",5,79.4708601698775,3.95503236346405,1.76874424358346,4.91082129744406,-0.563017838237436,3.78860772176659,"SP-HYPP_382",501.666666666667,859.666666666667,403.666666666667,55,10091,1872,8219,0.501666666666667,0.104595044003731,0.0293803418803419
"SPU_003461",8,0.117924528301887,0.333540934521956,0.117924528301887,0.278847199480281,-0.0173091363954043,5.22519292533508,"SP-UNK",110.333333333333,504.666666666667,0,222,24694,3478,21216,0.110333333333333,0.0237870789341378,0.0638297872340425
"SPU_003776",33,0.446833890230116,1.60310208629395,0.279064253439739,0.568435282799206,-0.0767710993553585,3.33943030656828,NA,0,0,0,0,0,0,0,0,0,0
"SPU_003798",12,1.31956469456469,3.21664604851815,0.92856573099985,2.04375939410031,-0.270517599031482,2.2476988860227,NA,0,0,0,0,0,0,0,0,0,0
"SPU_003803",6,1.35281385281385,3.31370365636253,1.35281385281385,3.47751871704047,-0.677608851569294,5.04784464599399,"SP-PPAT",106.333333333333,79,0,187.333333333333,7966,1556,6410,0.106333333333333,0.0123244929797192,0.120394173093402
"SPU_003825",12,1.42845884749933,3.35043781201268,0.967188086334311,2.12876662503925,0.184677069857497,11.7672731688071,"SP-14-3-3E",97.3333333333333,1533.33333333333,1342,87,26008,3648,22360,0.0973333333333333,0.0685748360166965,0.0238486842105263
"SPU_003832",6,0.803329461866047,1.96774727691641,0.803329461866047,2.06502412270435,-0.237877114089519,5.10797898673971,"SP-GLYT",104.333333333333,1207.66666666667,1207.66666666667,0,38135,1813,36322,0.104333333333333,0.0332489033276435,0
"SPU_003854",7,0.65065065065065,1.72145981200399,0.65065065065065,1.59208478803226,-0.00717218832251932,3.09530209271203,"SP-HP_LOC203522",105.666666666667,200.333333333333,0,24,81562,1052,80510,0.105666666666667,0.00248830373038546,0.0228136882129278
"SPU_003913",7,98.4827484122793,2.86669420310297,1.08350856375442,2.65124994546776,-0.21785480434633,6.19289941019409,"SP-OAT",65.3333333333333,485.666666666667,18.6666666666667,150,11146,1238,9908,0.0653333333333333,0.049017628852106,0.121163166397415
"SPU_003941",7,11.2356854967692,4.1579211508433,1.57154647659241,3.84543569819908,0.364091711472511,3.975063483177,"SP-SLC15A4",47.6666666666667,110,0,36.3333333333333,7850,2042,5808,0.0476666666666667,0.0189393939393939,0.0177930133855697
"SPU_004062",6,1.17724867724868,2.8836585596257,1.17724867724868,3.02621406576233,-0.548802328361614,4.08725175926618,"SP-SFRP3/4I",84,556.333333333333,249.333333333333,217.333333333333,18989,2338,16651,0.084,0.033411406722319,0.0929569432563445
"SPU_004138",5,0.588235294117648,1.31533410441164,0.588235294117648,1.63320300305753,-0.838561286094181,3.10699424175472,NA,0,0,0,0,0,0,0,0,0,0
"SPU_004315",10,5.58895012241954,4.27960851692513,1.35333104073387,3.06144750743326,0.193803673474573,0.137621244499469,NA,0,0,0,0,0,0,0,0,0,0
"SPU_004383",15,0.671957671957672,1.79604386209573,0.46373653113032,0.994615938669491,-0.214503900592689,4.42362166009527,"SP-ENTPD4",77,197,0,113.666666666667,10294,1746,8548,0.077,0.0230463266261114,0.0651011836578847
"SPU_004452",7,81.7672150227302,20.7827205113133,7.85513000575658,19.2208107033702,-0.143126283328464,4.87735742014861,NA,0,0,0,0,0,0,0,0,0,0
"SPU_004472",9,0.493036720861184,1.04740288793511,0.349134295978369,0.805105130267715,-0.0974267865830598,5.45842221922841,"SP-HYPP_1527",177.666666666667,0,0,0,1526,1526,0,0.177666666666667,0,0
"SPU_004506",7,2.00838894116205,3.51242534162725,1.3275719932324,3.2484516434885,0.148943260808764,1.10768308498779,"SP-SLC7A11_2",63,82.3333333333333,0.333333333333333,37.6666666666667,1490,1490,0,0.063,0,0.0252796420581655
"SPU_004540",5,0,0,0,0,-0.0446117397288823,3.31956134903288,"SP-HSP70BP",105.666666666667,125,0,62,10518,1219,9299,0.105666666666667,0.0134423056242607,0.0508613617719442
"SPU_004649",9,2.95763656633221,6.93419365007323,2.31139788335774,5.33009307712511,-0.61670787695173,0.742692406115154,NA,0,0,0,0,0,0,0,0,0,0
"SPU_004682",17,2.36212814640033,4.46443488768828,1.08278450591949,2.29540061201339,-0.0909839191130571,3.72317465622056,"SP-AP3B2-2",78.6666666666667,819.666666666667,687,61.3333333333333,6743,1072,5671,0.0786666666666667,0.144536530888144,0.0572139303482587
"SPU_004684",5,73.6545740510932,4.42176079166359,1.97747154208061,5.49034118367765,-0.29060019399204,0.155467898422452,NA,0,0,0,0,0,0,0,0,0,0
"SPU_004767",19,0.621646573741635,1.99142266308083,0.456863691697156,0.959834999272442,-0.144800759166081,3.36089704192485,"SP-OTOP2L",148.333333333333,856.666666666667,609.666666666667,184,5994,1372,4622,0.148333333333333,0.185345449300447,0.134110787172012
"SPU_004785",11,1.89633041925062,4.40327360359935,1.32763694476501,2.95815945796328,0.218220775073081,4.68067882437064,"SP-GDI1",121.333333333333,230.666666666667,8,58,11448,1721,9727,0.121333333333333,0.0237140605188307,0.0337013364323068
"SPU_004811",6,5.12680603963498,5.02923353471133,2.05317599288943,5.27785691268613,-0.408712150019884,0.584838906531182,"SP-POLPPL_39",6.33333333333333,75.6666666666667,23.6666666666667,177.666666666667,6929,6514,415,0.00633333333333333,0.182329317269076,0.0272745880667281
"SPU_004924",12,0.462041226747109,1.32220256508593,0.381687003437787,0.840087430366416,0.0893535218193273,2.21411230768415,"SP-WNT10",77.6666666666667,747.333333333333,71.3333333333333,207.666666666667,20708,1127,19581,0.0776666666666667,0.0381662495956965,0.184265010351967
"SPU_004943",5,0.434782608695652,0.972203468478169,0.434782608695652,1.20715004573817,-0.057258045023663,3.86908588775207,"SP-DSCR3",10.3333333333333,68,0,69.6666666666667,9358,1245,8113,0.0103333333333333,0.00838160976211019,0.0559571619812584
"SPU_005055",6,0,0,0,0,0.209507686844021,2.42383357925703,NA,0,0,0,0,0,0,0,0,0,0
"SPU_005108",8,0.868779398377811,1.48775063659874,0.525999281926785,1.24379065836447,0.20858036550566,3.78649049220047,"SP-HYPP_1565",55,0,0,0,2477,1210,1267,0.055,0,0
"SPU_005182",8,1.06639508290452,2.72304859437343,0.962743063290976,2.27652559551057,0.0429198190342786,2.7633972440655,"SP-064",89.3333333333333,1190.33333333333,101.333333333333,303.333333333333,23831,1906,21925,0.0893333333333333,0.0542911440516914,0.159146554739419
"SPU_005234",13,0.16025641025641,0.577812704401279,0.16025641025641,0.349168722703081,-0.685872823418757,2.34583144260919,"SP-ASTACIN7",61.6666666666667,63,0,65.3333333333333,6531,2840,3691,0.0616666666666667,0.0170685451097264,0.0230046948356807
"SPU_005264",7,0,0,0,0,-0.236896645728941,2.71210849763508,"SP-PDELLA",91.6666666666667,3283,513,270.333333333333,96700,3332,93368,0.0916666666666667,0.0351619398509125,0.0811324529811925
"SPU_005268",6,1.28968253968254,3.15906415239894,1.28968253968254,3.31523451024525,-0.00185444478091599,2.44499886072842,"SP-HIGD1A",20.3333333333333,19.6666666666667,0,9.33333333333333,1523,306,1217,0.0203333333333333,0.01615995617639,0.0305010893246187
"SPU_005372",5,3.37214509628303,4.70639353584262,2.10476317500194,5.8437594148347,0.0882931303457856,2.71736701029277,"SP-HYPP_445",11.6666666666667,143.333333333333,0,83.6666666666667,9455,1916,7539,0.0116666666666667,0.0190122474245037,0.0436673625608907
"SPU_005379",11,48.0823808979716,1.60531727033951,0.48402136865397,1.07846681668948,-1.31693450868932,0.826710074232697,"SP-POLPPL_45",4,0,0,18.6666666666667,4991,4459,532,0.004,0,0.00418628990057562
"SPU_005402",13,0.701542047695894,2.0227147906189,0.561000145631989,1.22231431474816,0.0213400077375268,2.20407224930803,NA,0,0,0,0,0,0,0,0,0,0
"SPU_005561",6,98.5719742385042,2.21480234863813,0.904189272546865,2.32429251998618,-0.322891202401781,1.81179939029915,NA,0,0,0,0,0,0,0,0,0,0
"SPU_005613",6,11.7392411510059,15.5486040587528,6.34769102608531,16.3172592498865,0.283085342421792,2.28482133565792,"SP-TITIN",123.666666666667,527,0,1415.33333333333,60939,22615,38324,0.123666666666667,0.0137511741989354,0.0625838307907731
"SPU_005617",5,2.02020202020202,4.51730904545412,2.02020202020202,5.60898001050059,-0.145043533331072,3.5044726336125,"SP-SLC16A1L",119.666666666667,729,82.6666666666667,396,13403,3708,9695,0.119666666666667,0.0751933986591026,0.106796116504854
"SPU_005683",6,2.23267622461172,5.46891751114227,2.23267622461172,5.73927694784394,0.238272527930701,7.6801514585181,"SP-HYPP_1597",98.6666666666667,368.333333333333,0,110.666666666667,15589,1031,14558,0.0986666666666667,0.025301094472684,0.107339152925962
"SPU_005786",11,0.777089072543618,2.29208481615424,0.691089574804941,1.53984353182556,0.265223645521985,5.36683171955443,"SP-DM3",69.6666666666667,148,93,107,9146,2112,7034,0.0696666666666667,0.0210406596531134,0.0506628787878788
"SPU_005819",6,0.260671228413163,0.638511500236735,0.260671228413163,0.670076724831882,-0.0356801403659313,4.72420430822805,"SP-GHDCL_6",75.6666666666667,279,211.333333333333,223,9627,1392,8235,0.0756666666666667,0.033879781420765,0.160201149425287
"SPU_005850",6,2.91372370319739,5.2430851092341,2.14048053260136,5.50228037663819,0.0344276309737858,3.84642788782708,NA,0,0,0,0,0,0,0,0,0,0
"SPU_005854",5,96.1283358600518,4.21617319544808,1.88552997398688,5.23507046697961,-0.244788467468903,5.10688355590061,"SP-SYT1-1",74.6666666666667,685.333333333333,0,54.3333333333333,25680,1035,24645,0.0746666666666667,0.0278082099141138,0.0524959742351047
"SPU_005856",19,1.00891526201124,3.13912220601592,0.720164024602518,1.51300847187612,-0.0659210686696262,7.03664420148255,"SP-CKIP1",324,659,659,65.3333333333333,10567,934,9633,0.324,0.068410671649538,0.0699500356887937
"SPU_005904",16,0.0956830078234931,0.382732031293972,0.0956830078234931,0.203943503543177,-0.670335585672409,-0.226001294653792,"SP-SR/SO/GPCR",90.6666666666667,136.666666666667,56,175,4572,3175,1397,0.0906666666666667,0.0978286805058459,0.0551181102362205
"SPU_005949",5,45.7415371809101,8.99333912829916,4.02194352711712,11.1667054192463,0.118520828870401,2.66673599525197,"SP-ANKMY1",3,86,0,45,14403,1408,12995,0.003,0.00661792997306656,0.0319602272727273
"SPU_006132",5,0,0,0,0,0.185680044067842,3.30827114042965,"SP-PPM1L",111.333333333333,222.666666666667,3.66666666666667,77,13309,1128,12181,0.111333333333333,0.0182798347152669,0.0682624113475177
"SPU_006168",5,0,0,0,0,-0.0184000255530255,7.83251898333171,"SP-GAL3ST1_1",106.666666666667,0,0,0,3862,3862,0,0.106666666666667,0,0
"SPU_006211",5,9.26332288401254,1.01639453522718,0.454545454545456,1.26202050236264,0.0521140247367785,5.93427475898371,"SP-PXR4",46.6666666666667,37,0,32.6666666666667,5957,1643,4314,0.0466666666666667,0.00857672693555865,0.0198823290728342
"SPU_006257",18,0.389228514228514,1.35202470437645,0.318675278932109,0.672346067761341,-0.122629838232796,3.72088277289918,"SP-MAN1A2_2",186.666666666667,0,0,0,3098,999,2099,0.186666666666667,0,0
"SPU_006284",13,0.889274297762362,2.18587436146173,0.60625246861326,1.320910656632,-0.152802852826293,5.70261782405875,"SP-HYPP_15",38.6666666666667,19.3333333333333,0,234,6106,3296,2810,0.0386666666666667,0.00688018979833926,0.070995145631068
"SPU_006285",7,0.647153598281417,1.23364501469826,0.466273987860889,1.14093134677744,-0.150438633420299,5.09671568392689,"SP-HYPP_16",64,54.6666666666667,0,241.333333333333,6891,3644,3247,0.064,0.016836053793245,0.066227588730333
"SPU_006312",11,0.895684593728393,2.06865376795415,0.623722579041714,1.38974051122392,0.0159096456735473,7.22905440343861,"SP-DP1",153.333333333333,803.333333333333,372.333333333333,153,21572,4513,17059,0.153333333333333,0.047091466869883,0.0339020607134944
"SPU_006320",5,1.6951566951567,3.79048560288426,1.6951566951567,4.70650950881108,-0.258250653253532,1.80750721778383,NA,0,0,0,0,0,0,0,0,0,0
"SPU_006342",9,97.9975120817951,2.30390768926418,0.767969229754728,1.77094021952396,-0.0616249461090919,2.10173086627198,NA,0,0,0,0,0,0,0,0,0,0
"SPU_006422",6,0,0,0,0,0.412244770362108,1.45501675619357,"SP-SLC16A4L",62,26,10.6666666666667,109.666666666667,5615,1343,4272,0.062,0.00608614232209738,0.0816579796475552
"SPU_006474",8,0.0573394495412844,0.162180454400584,0.0573394495412844,0.135586252958302,0.0849132228919288,2.77077831674619,"SP-HYPP_2985",131.333333333333,0,0,0,1112,1112,0,0.131333333333333,0,0
"SPU_006576",7,18.6471598694964,20.0284312517752,7.57003546327874,18.5232094886844,0.168973310155574,3.01670859414556,"SP-SPR",141.333333333333,326.333333333333,0,195.333333333333,1157,826,331,0.141333333333333,0.985901309164149,0.236481033091203
"SPU_006596",6,3.05625174046227,4.84835685005158,1.97933339559232,5.08803847337795,0.0341024800300341,4.83652900111439,"SP-SWAP70",50,939,657,267.333333333333,18008,1363,16645,0.05,0.0564133373385401,0.196135974565909
"SPU_006613",8,1.7836673133263,3.07622665204055,1.08761036306233,2.57178984078082,0.307833961778093,0.645494144513002,"SP-HYPP_1669",54.6666666666667,313.333333333333,0,108.333333333333,16630,1536,15094,0.0546666666666667,0.0207588004063425,0.0705295138888889
"SPU_006662",5,84.3668092723413,19.917614477037,8.90742798405773,24.7309848262389,0.093445247320508,5.98513073553993,NA,0,0,0,0,0,0,0,0,0,0
"SPU_006666",14,1.05656896905103,2.68580450652082,0.717811447946742,1.55073735339431,0.102813302262956,5.9553264806114,"SP-ING4",135.666666666667,80.6666666666667,0,35.3333333333333,8392,1245,7147,0.135666666666667,0.0112867869968751,0.028380187416332
"SPU_006840",14,0.645610311307986,1.65702652721665,0.442858967545754,0.95673863271932,-0.00459243920955686,8.41088023272971,"SP-BAZ1A",116.666666666667,804.333333333333,0,667,28387,5463,22924,0.116666666666667,0.0350869539929041,0.122094087497712
"SPU_006903",16,0.873790822028573,2.28239221671335,0.570598054178339,1.21620096327571,0.0830965281509784,8.20357011183592,"SP-SLC35C1",115.666666666667,222.666666666667,0,132.666666666667,9932,4020,5912,0.115666666666667,0.0376635092467298,0.0330016583747927
"SPU_006907",5,99.0864466534119,0.932800963992098,0.417161272992733,1.15822537447875,-0.530667061654314,2.93138187033571,"SP-GTF3C4L",40,627.333333333333,5.33333333333333,179.333333333333,12133,1667,10466,0.04,0.05994012357475,0.107578484303139
"SPU_006957",6,98.3311148294098,1.92034714270893,0.783978438108084,2.01528073253117,-0.167073458855366,3.2435374954835,"SP-HYPP_1689",118.333333333333,324,246.666666666667,91.3333333333333,13803,1291,12512,0.118333333333333,0.0258951406649616,0.0707461915827524
"SPU_007325",6,47.9613515875957,2.99245867015016,1.22166613637257,3.14039277937132,0.145582128678515,3.52565917169208,"SP-POLPPL_58",104.666666666667,228.666666666667,0,80.6666666666667,5995,4303,1692,0.104666666666667,0.135145784081954,0.018746610891626
"SPU_007482",17,71.5652251264039,3.35217327107047,0.813021439529165,1.72352845803837,-0.0893861106431588,4.87685671689354,"SP-HYPP_25",163.333333333333,1915.33333333333,0,738.333333333333,5085,4358,727,0.163333333333333,2.63457129756992,0.169420223344042
"SPU_007502",11,1.65053161008771,3.82085929485573,1.1520324234344,2.56688820140209,-0.0970018213846122,4.23180997106694,"SP-GLB1",86.6666666666667,113,0,98.3333333333333,13929,2661,11268,0.0866666666666667,0.0100283990060348,0.0369535262432669
"SPU_007554",5,0.61102018548827,1.3662826703763,0.61102018548827,1.69646400317596,0.342913946564604,5.94222790913897,NA,0,0,0,0,0,0,0,0,0,0
"SPU_007682",27,1.23032898395217,3.47037096171253,0.667873202977531,1.37283303000102,0.280695652139995,4.98159295424705,"SP-CBPDEL",141,1528,1528,0,50042,2200,47842,0.141,0.0319384641110321,0
"SPU_007764",6,32.3084655114185,2.45494417388687,1.00222676217353,2.57630591003188,-0.176314289056247,4.28363463269511,"SP-ABCC9D",157,428,0,131.333333333333,39936,4418,35518,0.157,0.0120502280533814,0.0297268749056889
"SPU_007848",8,93.9563282302205,8.40913083935574,2.97307672019668,7.03020931442301,0.351274621786916,1.18845997743295,"SP-PPPL_250",23,0,0,0,1067,1067,0,0.023,0,0
"SPU_007965",6,98.5030663339487,2.58127713562259,1.05380197783138,2.70888422257096,-0.410288391091631,0.443265289137368,"SP-CEP120",86.6666666666667,366,0,127.666666666667,111581,1638,109943,0.0866666666666667,0.0033289977533813,0.0779405779405779
"SPU_008118",10,0,0,0,0,0.0649223219080036,4.16617287194749,"SP-OPTNL",62.3333333333333,284,28.6666666666667,262.333333333333,11160,4544,6616,0.0623333333333333,0.0429262394195889,0.0577318075117371
"SPU_008122",5,1.07117688513037,2.395224331078,1.07117688513037,2.97406381952125,-0.0460668721131349,1.82631307168956,NA,0,0,0,0,0,0,0,0,0,0
"SPU_008239",6,0.685315732485543,0.875599129814659,0.357461847878481,0.918884933089413,0.414316699875668,2.21587313883741,"SP-HYPP_1773",53,201.666666666667,0,106,15061,1131,13930,0.053,0.0144771476429768,0.0937223695844386
"SPU_008300",6,0.231481481481482,0.567011514533143,0.231481481481482,0.59504209158248,0.145715934766568,6.98647594816291,NA,0,0,0,0,0,0,0,0,0,0
"SPU_008342",5,72.7361893963161,4.86799568921399,2.17703385505169,6.04441499070813,-0.00609153315066313,1.1318497448977,"SP-HYPP_1779",126,0,0,0,2365,1722,643,0.126,0,0
"SPU_008571",9,35.4508428472447,16.3781553532499,5.45938511774998,12.5893646572035,-0.462870055880401,0.413679099906007,"SP-POLYPL_939",382,0,0,0,6196,2065,4131,0.382,0,0
"SPU_008652",5,0,0,0,0,-0.607858859315828,5.39035334091598,"SP-PSAT1_1",115.333333333333,32,32,0,10096,509,9587,0.115333333333333,0.00333785334306874,0
"SPU_008654",8,0.223214285714286,0.631345340345133,0.223214285714286,0.527817913301962,-0.141639832494986,3.429266686926,"SP-SSTR4L_2",44.6666666666667,614,614,1.66666666666667,2265,996,1269,0.0446666666666667,0.483845547675335,0.00167336010709505
"SPU_008720",5,100,0,0,0,0.18368140367569,3.07386942408062,"SP-HYPP_557",0.333333333333333,148,50.6666666666667,30,3874,1810,2064,0.000333333333333333,0.0717054263565891,0.0165745856353591
"SPU_008804",5,1.53711279953244,3.43708870883954,1.53711279953244,4.26770930839871,-0.176398262096927,3.0880283637933,"SP-SLC7A11_9",45,0,0,15,9700,1901,7799,0.045,0,0.00789058390320884
"SPU_008952",6,0,0,0,0,0.161863679586575,7.58906365050707,NA,0,0,0,0,0,0,0,0,0,0
"SPU_008996",7,2.14961275891059,2.86857502832925,1.08421944886989,2.65298941868161,0.228963478410638,8.93336813001546,"SP-TTRSPN_5",136.333333333333,581,0,188.666666666667,10939,3341,7598,0.136333333333333,0.0764674914451171,0.0564701187269281
"SPU_009025",8,0,0,0,0,0.31921870698001,1.00540728327024,"SP-KCTD21",164.666666666667,152.333333333333,150,9.66666666666667,11970,718,11252,0.164666666666667,0.0135383339258206,0.0134633240482823
"SPU_009026",8,0,0,0,0,-0.340764751120726,2.61922820526536,NA,0,0,0,0,0,0,0,0,0,0
"SPU_009044",6,0,0,0,0,-0.272138676222399,3.06616278898056,NA,0,0,0,0,0,0,0,0,0,0
"SPU_009052",7,5.67367821388395,5.55902049670914,2.10111225248616,5.14123647119429,-0.383768139128787,0.410225497653951,"SP-EPDMNH2",100.333333333333,318.333333333333,0,7.66666666666667,867,549,318,0.100333333333333,1.00104821802935,0.0139647844565877
"SPU_009108",6,29.6738823559508,20.3326204852038,8.30075755373496,21.337776589652,-0.144020154441147,2.91344449797284,"SP-HSD17B7",48.6666666666667,142.333333333333,0,92,7050,1038,6012,0.0486666666666667,0.0236748724772677,0.0886319845857418
"SPU_009232",9,1.50241597830697,3.7980789329709,1.2660263109903,2.91946190842091,0.325048871401171,7.53478440676514,NA,0,0,0,0,0,0,0,0,0,0
"SPU_009421",6,0.965090209654205,1.78471488101919,0.728606799141502,1.87294340319426,0.444657580570643,0.227431477486016,NA,0,0,0,0,0,0,0,0,0,0
"SPU_009463",14,1.31552621048419,3.61330440932183,0.965696223842992,2.08625985365488,-0.118642702200748,5.62280953817188,"SP-HYPP_46",208.333333333333,2141,2141,0,71256,4825,66431,0.208333333333333,0.0322289292649516,0
"SPU_009477",9,0,0,0,0,-2.51569070854064,1.8263925640986,"SP-HSP701C",102.666666666667,0,0,0,2695,1886,809,0.102666666666667,0,0
"SPU_009483",27,0.499164578111946,1.46552985257444,0.282041351629761,0.5797443011896,-0.194769251901896,9.58693252761342,NA,0,0,0,0,0,0,0,0,0,0
"SPU_009526",10,3.98613396407514,6.41130243826174,2.02743184730982,4.58636947547709,0.0985654640556219,5.60831464462527,NA,0,0,0,0,0,0,0,0,0,0
"SPU_009629",5,0,0,0,0,0.363399649425997,2.41927335574234,"SP-ACOT2",3,434.333333333333,0,170.666666666667,12190,3087,9103,0.003,0.0477132080998938,0.0552856063060145
"SPU_009771",5,0,0,0,0,0.196519934285693,7.79690216378867,"SP-FOXG",202.333333333333,0,0,0,4160,4160,0,0.202333333333333,0,0
"SPU_009838",7,3.53394967734614,4.42440780802724,1.67226896553893,4.09189475007913,-0.254981323351124,4.88743689975974,"SP-CBP20",59,103.666666666667,0,53,5736,494,5242,0.059,0.0197761668574335,0.107287449392713
"SPU_009872",7,0,0,0,0,-0.0650812766943149,8.20376207497409,"SP-SLC25A3_2",134.333333333333,1469,0,562,5653,1064,4589,0.134333333333333,0.320113314447592,0.528195488721805
"SPU_010054",7,0,0,0,0,0.365691775713763,6.4541425035604,NA,0,0,0,0,0,0,0,0,0,0
"SPU_010058",10,1.34169884169884,2.85886182919764,0.90405148959798,2.04510655273246,-0.152939746107618,4.46406641843958,NA,0,0,0,0,0,0,0,0,0,0
"SPU_010060",6,13.2809730456868,2.33043760582037,0.951397168608866,2.44564428010177,-0.230637312999083,1.32254645724108,NA,0,0,0,0,0,0,0,0,0,0
"SPU_010061",21,1.21324572992368,2.69315229312738,0.587694011490482,1.22590822614619,0.175119455501988,0.905525040695004,"SP-HYPP_1896",118.333333333333,309.333333333333,22.6666666666667,165.666666666667,11561,1497,10064,0.118333333333333,0.0307366189719131,0.110665775996437
"SPU_010144",8,1.20295131320837,2.38330470091246,0.842625457824488,1.99249259258126,-0.770477610456341,0.425956359282821,"SP-FN3_26",152.333333333333,1461,235.333333333333,129.666666666667,4971,1315,3656,0.152333333333333,0.399617067833698,0.0986058301647655
"SPU_010254",7,1.62273242630386,4.29334644440045,1.62273242630386,3.97068320516014,0.113929852838668,5.4950857731328,"SP-YEATS4",113,104.333333333333,0,46,7224,2090,5134,0.113,0.0203220360992079,0.0220095693779904
"SPU_010379",9,1.22222222222222,3.66666666666667,1.22222222222222,2.81844949858287,-0.283086936429852,2.73621234780199,"SP-SEC23IP",33.3333333333333,40.3333333333333,0,52.6666666666667,18102,3068,15034,0.0333333333333333,0.00268280785774467,0.0171664493698392
"SPU_010405",9,0.480499438832772,1.44149831649832,0.480499438832772,1.10803369291165,0.0351333220367348,7.43733557887234,"SP-ZNF503",346.333333333333,0,0,0,3781,2273,1508,0.346333333333333,0,0
"SPU_010520",23,0.304325845166396,1.06863687393961,0.222826191609302,0.462113237602154,-0.0728862565077135,6.77917418251195,"SP-AOF2",115.666666666667,0,0,0,17098,5081,12017,0.115666666666667,0,0
"SPU_010608",6,0.578966066568194,1.1047922435394,0.451029544742697,1.15940835505089,0.167076378692691,5.01792561559518,NA,0,0,0,0,0,0,0,0,0,0
"SPU_010617",8,1.38649160759766,2.92053020968806,1.0325633579653,2.44162435755083,0.591203332830909,1.28116666885159,"SP-SLCO4A",116.333333333333,604,150.666666666667,367,12302,2012,10290,0.116333333333333,0.0586977648202138,0.182405566600398
"SPU_010628",5,1.26530612244898,2.82931050214259,1.26530612244898,3.51305299025027,-0.219661815842631,4.53007992166701,"SP-GORASP2L",14,220.333333333333,78,234.333333333333,10009,1395,8614,0.014,0.0255785155947682,0.167980884109916
"SPU_010634",11,0.728438228438229,1.62225663013725,0.489128777802874,1.08984683344715,-0.274797178305513,4.56044385244334,"SP-Z447",219.333333333333,1590.33333333333,108.666666666667,161.333333333333,28217,2409,25808,0.219333333333333,0.0616217193635049,0.0669710806697108
"SPU_010750",12,1.19490191772801,3.3310415632972,0.961588871625735,2.11644283655751,-0.104759695681454,3.87812820643106,"SP-PROTEASE",161.333333333333,784,0,228.666666666667,15627,2742,12885,0.161333333333333,0.0608459448971672,0.0833941162168733
"SPU_010757",5,1.01044979424329,1.3014604102077,0.582030789449835,1.6159765364424,0.0949878525822546,1.412418310902,"SP-TIF2L",37.6666666666667,0,0,0,21844,1477,20367,0.0376666666666667,0,0
"SPU_010904",5,11.5182572115238,1.00696216666748,0.450327171087794,1.25030866990427,-0.00240122045494839,2.65749327625531,"SP-POLPPL_90",554,0,0,0,3846,3567,279,0.554,0,0
"SPU_010924",5,98.0846774193548,4.2827914891629,1.91532258064516,5.31778800390706,0.0529810207635764,6.27207466826562,"SP-Z416",97.6666666666667,74.6666666666667,0,162,11705,5854,5851,0.0976666666666667,0.012761351335954,0.0276733857191664
"SPU_011000",9,3.70980634719025,7.3823305516746,2.4607768505582,5.67456159320189,0.359986653299084,6.1589496314482,NA,0,0,0,0,0,0,0,0,0,0
"SPU_011025",8,2.95497606560269,4.9333676263491,1.74420885133882,4.12439854971856,0.388070639122611,-0.0341913376418009,"SP-HYPP_637",59.6666666666667,0,0,0,1814,1814,0,0.0596666666666667,0,0
"SPU_011039",6,1.62615099713001,2.18543711271589,0.892200965182542,2.29347559483543,0.227161402953042,9.75745509076774,"SP-GAGE1",86,260.666666666667,29.6666666666667,120.333333333333,5577,1753,3824,0.086,0.0681659693165969,0.0686442289408633
"SPU_011106",6,1.40755310778914,2.8917902538995,1.18056842753453,3.03474775554599,-0.0548438775768384,8.54266887864831,"SP-ANXN",13.3333333333333,15.3333333333333,0,1.33333333333333,10287,947,9340,0.0133333333333333,0.00164168451106353,0.00140795494544175
"SPU_011137",7,0.564300564300564,1.49299895783271,0.564300564300564,1.38079373839484,0.337603979138505,1.32843884548437,"SP-SLC16A10L",115.333333333333,219.666666666667,0,154,8370,1778,6592,0.115333333333333,0.0333232200647249,0.0866141732283465
"SPU_011197",6,2.92977814907639,5.2931051847765,2.16090114293041,5.55477322662267,-0.0082381715938391,5.07820779373536,"SP-IKB",117,0,0,0,3815,1971,1844,0.117,0,0
"SPU_011202",6,0.93244653103808,2.28401821347153,0.93244653103808,2.39693011538858,0.00776704751335447,2.45219601193993,"SP-MEIS",130.666666666667,5065.33333333333,0,78.6666666666667,105759,1294,104465,0.130666666666667,0.0484883294245281,0.0607934054611025
"SPU_011310",6,3.92534778976427,6.4214591501377,2.62154972032725,6.73890809229068,-0.334831810231583,4.12188878818794,"SP-NCAPD2-2",6,85,19,110.333333333333,17301,1952,15349,0.006,0.00553782005342368,0.0565232240437158
"SPU_011372",7,67.1884124676741,36.0655894858924,13.6315115238024,33.3551070966114,-0.130088517434595,4.56771519666798,"SP-AOX",96.6666666666667,2219.33333333333,1611.66666666667,349.333333333333,54155,3130,51025,0.0966666666666667,0.043495018781643,0.11160809371672
"SPU_011435",5,99.5903988535945,0.915896007024633,0.409601146405541,1.13723509802107,0.186081686885968,2.83879930085274,"SP-LSS",80,0,0,0,4201,645,3556,0.08,0,0
"SPU_011549",6,1.31766381766382,3.22760400580405,1.31766381766382,3.38716267516181,-0.727806179614484,-0.0610284730174457,"SP-HYPP_649",53,131.333333333333,0,69.6666666666667,5960,2334,3626,0.053,0.0362198933627505,0.0298486146815196
"SPU_011641",7,99.6894409937888,0.821661897846159,0.310559006211185,0.759910512777952,-0.340750375086504,4.48597415413722,"SP-EF2K",73,257.333333333333,11.6666666666667,314.333333333333,17152,2075,15077,0.073,0.0170679401295572,0.1514859437751
"SPU_011782",5,2.65032124904291,3.83048254895086,1.71304387321616,4.75617227678007,0.298236503235056,0.5736118225342,"SP-HYPP_74",16.3333333333333,67.6666666666667,0,15.6666666666667,186484,11796,174688,0.0163333333333333,0.000387357269341149,0.00132813383067707
"SPU_011784",7,3.36494597839135,5.90679965491342,2.23256041874044,5.46287854701315,-0.0827443573280618,5.59329501271633,"SP-SLCO2A1",149,551.333333333333,135.333333333333,241.666666666667,14122,1996,12126,0.149,0.045467040518995,0.121075484301937
"SPU_011988",6,2.95787704551842,4.33339885450824,1.76910267425105,4.54762319980538,1.41894066382956,1.15904449135061,"SP-ENDRVT25",16.3333333333333,174.333333333333,98,97.6666666666667,2649,2649,0,0.0163333333333333,0,0.0368692588398138
"SPU_012005",6,0.378787878787878,0.927837023781506,0.378787878787878,0.97370524077133,0.231099812580528,7.20476356187584,"SP-ITIH",148,456,1.33333333333333,694,26227,7923,18304,0.148,0.0249125874125874,0.0875930834279944
"SPU_012134",5,16.6411268230661,19.2168502047529,8.59403667425164,23.8608710581163,-0.194689405430602,3.36256844443911,"SP-ZBED1-3",166,0,0,0,4401,2115,2286,0.166,0,0
"SPU_012293",8,3.15353933614524,6.06473877126316,2.14420895564257,5.07024849699487,0.236449250652003,3.22631032788133,NA,0,0,0,0,0,0,0,0,0,0
"SPU_012323",6,30.1989011374953,3.32310534668775,1.3566520768166,3.48738518594303,0.421996143704313,3.60936969982609,"SP-CNTNAP4L",6,80,28.3333333333333,100.333333333333,6300,937,5363,0.006,0.0149170240537013,0.107079331198862
"SPU_012329",5,0.357142857142858,0.798595706249927,0.357142857142858,0.991587537570643,-0.0494047417700863,5.16567375101889,"SP-STX1",129,999,35.3333333333333,60.6666666666667,77361,854,76507,0.129,0.0130576287137125,0.0710382513661202
"SPU_012448",8,1.88610721606329,3.4967022837808,1.23627094832595,2.92331626595114,-0.993676464479871,5.21467419896479,"SP-OVO",91,578.666666666667,514.666666666667,315,19173,3565,15608,0.091,0.0370750042713139,0.08835904628331
"SPU_012561",5,0,0,0,0,0.481184267428249,2.21542744495473,"SP-OSTAL",62,4.66666666666667,0,2.66666666666667,4127,972,3155,0.062,0.00147913365029054,0.00274348422496571
"SPU_012606",11,0,0,0,0,-0.0404799013492421,5.23422318743877,"SP-CCDC113",71,359,0,161.666666666667,4787,1124,3663,0.071,0.098007098007098,0.143831553973903
"SPU_012624",8,2.62446259098045,4.87555528213795,1.72376910102482,4.07606622042957,-0.0392860781934139,6.31093430038676,NA,0,0,0,0,0,0,0,0,0,0
"SPU_012716",6,72.4815895901943,26.6964771614627,10.8987911625747,28.0162345929082,-0.147117176002507,1.00383329653774,NA,0,0,0,0,0,0,0,0,0,0
"SPU_012736",7,0,0,0,0,-0.113028977448031,4.76931016220165,NA,0,0,0,0,0,0,0,0,0,0
"SPU_012765",9,1.48029249152844,4.44087747458533,1.48029249152844,3.41356060677627,0.0390090789665541,1.02818976921842,"SP-FOLR1",53.6666666666667,462.333333333333,462.333333333333,70,26326,1617,24709,0.0536666666666667,0.0187111308969741,0.0432900432900433
"SPU_012824",5,20.1895627359545,4.44717375790559,1.98883656608602,5.52189554894791,-0.115634656617781,0.716846845578117,"SP-POLYPL_943",15.3333333333333,0,0,0,2914,2788,126,0.0153333333333333,0,0
"SPU_012881",6,0.716486455063365,1.75502622252079,0.716486455063365,1.84178706686534,-0.221172863276878,4.64909462481972,NA,0,0,0,0,0,0,0,0,0,0
"SPU_012949",8,75.9952871717578,34.3766992413205,12.1539985741741,28.7396397823161,0.0562660560908461,4.11950090201816,"SP-Z122",89,45,0,470.666666666667,10161,5756,4405,0.089,0.0102156640181612,0.0817697475098448
"SPU_012962",19,0.753302364135535,1.77576449902832,0.407388315725873,0.855891091445162,-0.848062144205174,0.409680484942833,"SP-HYPP_2061",79,318.333333333333,303,116,13581,1307,12274,0.079,0.0259355819890283,0.0887528691660291
"SPU_013000",11,57.6800608985921,7.14585312558201,2.15455578404945,4.80064945121232,-0.104736555658321,4.40428989442766,"SP-KIAA1432",13,962,209,132.666666666667,9028,1253,7775,0.013,0.123729903536977,0.105879223197659
"SPU_013036",7,0.316202902409799,0.836594243613153,0.316202902409799,0.773720629272972,-0.215818943149001,3.90705118009372,"SP-PISD_1",72.6666666666667,0,0,0,2835,609,2226,0.0726666666666667,0,0
"SPU_013088",5,0,0,0,0,-0.0289454133459942,1.74488384280748,NA,0,0,0,0,0,0,0,0,0,0
"SPU_013225",5,0.227272727272728,0.50819726761359,0.227272727272728,0.631010251181319,0.089372515453124,8.33654863618829,"SP-UQCRH",69,49.6666666666667,0,1,5933,1643,4290,0.069,0.0115773115773116,0.000608642726719416
"SPU_013268",11,98.0757251282699,3.07402463339728,0.926853300480781,2.06515784889294,0.299700528564901,2.4935180721579,"SP-LLGL1",39.3333333333333,1357.33333333333,0,175.333333333333,9168,943,8225,0.0393333333333333,0.165025329280648,0.185931424531637
"SPU_013295",10,0.699523052464229,2.21208612158042,0.699523052464229,1.58243108367442,-0.0977292947988067,5.75704225524598,"SP-IQCA1",45.6666666666667,0,0,0,9967,1964,8003,0.0456666666666667,0,0
"SPU_013316",5,0,0,0,0,-0.0446010625200015,3.13136696358836,"SP-GMCL1",52.6666666666667,68,13,112.666666666667,15065,2471,12594,0.0526666666666667,0.00539939653803398,0.0455955753406178
"SPU_013343",6,11.7765492765493,9.34926336099809,3.8168207842239,9.81145017780511,-0.674173045375707,0.454588307606767,"SP-POLYPL_946",6.66666666666667,0,0,0,3403,3403,0,0.00666666666666667,0,0
"SPU_013407",5,94.5941298274531,11.6385808032698,5.20493156754707,14.4512067736055,-0.506763639711768,3.81074972484243,"SP-Z175",165.666666666667,359,0,314.333333333333,10850,3703,7147,0.165666666666667,0.0502308660976634,0.0848861283643892
"SPU_013408",7,100,0,0,0,-0.468058937450542,1.63635992555623,NA,0,0,0,0,0,0,0,0,0,0
"SPU_013501",5,94.5718037473763,6.1405997518945,2.74615969357089,7.62456163930637,0.0400600589692158,3.53306712284994,"SP-CLCN3",68.3333333333333,188.333333333333,0,104,17597,2950,14647,0.0683333333333333,0.0128581507020778,0.0352542372881356
"SPU_013582",11,0,0,0,0,0.138527667080214,9.42982108926052,NA,0,0,0,0,0,0,0,0,0,0
"SPU_013630",5,0.519841269841271,0.784470717025498,0.350825969925403,0.974049046975653,0.0620111333381386,0.210387149860658,NA,0,0,0,0,0,0,0,0,0,0
"SPU_013639",12,4.13930447931973,4.60722262388461,1.32999061105816,2.92728959800022,-0.147166453678475,4.84593436989702,NA,0,0,0,0,0,0,0,0,0,0
"SPU_013670",9,1.28390128390128,3.19450100648668,1.06483366882889,2.45551084362405,0.0805584806687124,5.43037726946644,NA,0,0,0,0,0,0,0,0,0,0
"SPU_013713",7,0,0,0,0,0.00647383585234629,6.46680285446593,"SP-HYPP_2099",102,230.333333333333,84.6666666666667,81.3333333333333,8615,1546,7069,0.102,0.0325835808931013,0.0526088831392842
"SPU_013727",23,2.9715110087827,4.48831482652578,0.935878336156704,1.94089287619022,-0.273399023284307,4.2588373642182,NA,0,0,0,0,0,0,0,0,0,0
"SPU_013756",5,2.1358543417367,3.06317522069165,1.36989360409189,3.80343439172269,0.272809801455139,9.47234114927097,"SP-PPIB",91,180.333333333333,1.33333333333333,15.6666666666667,11582,2607,8975,0.091,0.0200928505106778,0.00600946170566424
"SPU_013764",5,0,0,0,0,-0.0962454996300729,1.79408092927083,NA,0,0,0,0,0,0,0,0,0,0
"SPU_013817",6,92.6531672457942,8.77767321436882,3.58347008401651,9.21160310651898,-0.144430312157797,3.91461308684873,"SP-TTLL10L_2",53,2356.66666666667,2087.33333333333,80.3333333333333,83485,2302,81183,0.053,0.029029066019569,0.0348971908485375
"SPU_013821",7,0,0,0,0,0.227939910239149,7.62355921872759,"SP-MSP130_1",106,72.6666666666667,48,41,17100,3703,13397,0.106,0.0054240999228683,0.0110721036997029
"SPU_014059",5,0.222222222222222,0.496903994999953,0.222222222222222,0.616987801155065,-0.259982493995601,3.92537637992355,"SP-IDS_2",40.6666666666667,143,22.6666666666667,167.333333333333,5920,1693,4227,0.0406666666666667,0.0338301395788976,0.0988383540066942
"SPU_014111",11,0.581965204606714,1.93016022472288,0.581965204606714,1.29669928288836,-0.156445726655489,6.86699726991351,NA,0,0,0,0,0,0,0,0,0,0
"SPU_014128",6,29.6248043751914,4.11749160768517,1.68095890983678,4.32104244007744,0.205350978701557,0.904113933949933,"SP-NLR11",15,224.666666666667,0,80.6666666666667,28122,3012,25110,0.015,0.00894729855303332,0.0267817618415228
"SPU_014133",8,1.36739599327338,2.61379312178554,0.924115420516656,2.18518573462455,-0.152337126737052,3.07021462955923,"SP-TMEM214",35.6666666666667,57.3333333333333,0,19.6666666666667,10663,1284,9379,0.0356666666666667,0.00611294736467996,0.0153167185877466
"SPU_014157",11,0.37472409013911,1.24281920689874,0.37472409013911,0.834937304014158,0.16594100002605,2.18566762489445,"SP-LMX1",107.333333333333,1581.66666666667,167.666666666667,34.3333333333333,51868,1156,50712,0.107333333333333,0.0311891991376137,0.0297001153402538
"SPU_014254",12,1.53949571323674,4.03315950700161,1.16427286352604,2.56254729491821,0.499401094813408,0.608311150769118,NA,0,0,0,0,0,0,0,0,0,0
"SPU_014286",6,0.120772946859903,0.295832094539031,0.120772946859903,0.310456743434337,-0.120031752469285,2.92697332062824,NA,0,0,0,0,0,0,0,0,0,0
"SPU_014298",7,0.76030412164866,2.01157562665975,0.76030412164866,1.86039716573647,0.188832965116032,2.70947540432572,NA,0,0,0,0,0,0,0,0,0,0
"SPU_014340",7,1.38642413487134,3.66813347252744,1.38642413487134,3.39245764633009,0.216151588281162,4.85767108670484,"SP-CFHL-1",33.3333333333333,128.333333333333,0,66.3333333333333,13147,1453,11694,0.0333333333333333,0.0109742888090759,0.0456526726313375
"SPU_014361",8,90.2374592999593,18.0158050652558,6.36954896508867,15.0615899545564,-0.0394124137464323,4.18254993545651,"SP-PRPF4",60.6666666666667,103.333333333333,0,89,18599,1809,16790,0.0606666666666667,0.00615445701806631,0.0491984521835268
"SPU_014365",5,2.42758481528249,1.85771882967196,0.830797117245571,2.3066625895889,-0.0751129998488923,3.47256470647307,"SP-SEC22_1",40.6666666666667,1,0,0,5771,646,5125,0.0406666666666667,0.000195121951219512,0
"SPU_014437",5,0,0,0,0,0.126584364550897,3.80058973177482,NA,0,0,0,0,0,0,0,0,0,0
"SPU_014516",10,1.60409239453357,3.55150002765748,1.12308291975486,2.54059007133979,0.140768076630952,-0.0903003134219133,NA,0,0,0,0,0,0,0,0,0,0
"SPU_014534",6,0,0,0,0,0.0229913186902343,5.31113630543908,"SP-MAE",151.666666666667,776.666666666667,548.333333333333,224.666666666667,26971,4047,22924,0.151666666666667,0.0338800674693189,0.0555143727864262
"SPU_014573",6,1.40696122590024,2.60223346876519,1.06235736501124,2.73087654545235,-1.19395350848426,2.67843764509166,"SP-CYP3L1",19,305.666666666667,0,167.333333333333,9912,1568,8344,0.019,0.0366331096196868,0.10671768707483
"SPU_014654",8,0.941708754208754,1.77152309208722,0.626327995721718,1.48103036813508,0.180786298347754,3.91415948706953,"SP-VPS33A",73.3333333333333,31,0,37.3333333333333,12971,1869,11102,0.0733333333333333,0.00279228967753558,0.0199750312109863
"SPU_014660",8,0.431788247213779,0.84942250484863,0.300316206635465,0.710134985356569,0.0753615088016325,11.567327590968,"SP-SLC25A4",90,0,0,80.3333333333333,5020,2437,2583,0.09,0,0.0329640268089181
"SPU_014666",7,0.754578754578754,1.99642772922823,0.754578754578754,1.84638769720096,0.107939701149944,2.7388514461251,"SP-HYPP_760",60.6666666666667,1163.66666666667,0,29.6666666666667,3344,2295,1049,0.0606666666666667,1.10931045440102,0.0129266521423384
"SPU_014742",17,1.17252687224224,2.75581654116568,0.668383687297082,1.41691012061413,0.17964105219062,5.14101597211594,"SP-LRRFIP2",62,568,220.333333333333,14.6666666666667,36496,1166,35330,0.062,0.0160769883951316,0.0125786163522013
"SPU_014758",5,1.19444444444444,1.72244622199194,0.770301367992336,2.13869946268948,-0.152161441729254,0.777057318038313,"SP-RANBP2L_2",33.6666666666667,681.333333333333,0,211,24430,4335,20095,0.0336666666666667,0.0339056149954383,0.0486735870818916
"SPU_014819",5,1.75448369907403,2.58051748432237,1.15404250241431,3.20413565701843,-0.222352960993344,1.6384229257975,"SP-DEX1",108.666666666667,1083.33333333333,0,111.333333333333,25170,1955,23215,0.108666666666667,0.0466652308134109,0.0569479965899403
"SPU_014824",5,2.14983495323675,2.94938624015265,1.31900562497677,3.6621467111951,-0.372843505647385,0.961967777081259,"SP-2PDE",22.6666666666667,8.66666666666667,0,36.6666666666667,8363,1671,6692,0.0226666666666667,0.00129507870093644,0.0219429483343307
"SPU_014829",7,1.9280500379898,2.97467732154311,1.12432234620954,2.75111767344724,-0.061958574890861,1.64578357233755,"SP-SRCR116",25,832,0,217.666666666667,20431,2209,18222,0.025,0.0456590934035781,0.0985362909310397
"SPU_014897",6,0.712121212121212,1.74433360470923,0.712121212121212,1.8305658526501,-0.192518304763476,6.00725428374453,"SP-ORCT_1",80.6666666666667,334,0,92.6666666666667,16818,2399,14419,0.0806666666666667,0.0231638809903599,0.0386272057801862
"SPU_014947",10,0.889417690659927,1.7058193178736,0.539427432119533,1.22026962937904,0.155181720795342,9.25243837413909,"SP-FMO2_2",51.3333333333333,225.666666666667,0,133.666666666667,10821,3574,7247,0.0513333333333333,0.0311393220183064,0.0373997388546913
"SPU_014995",5,97.6936281492195,3.17943061457802,1.42188459678808,3.9477845289084,-0.0130514344829692,2.96871682795244,NA,0,0,0,0,0,0,0,0,0,0
"SPU_015071",6,3.92784377940609,5.76145772519607,2.35210526689111,6.0462790745748,0.0696785933147874,5.44548930875756,"SP-Z398",103.333333333333,1719.33333333333,81.6666666666667,400,46876,3834,43042,0.103333333333333,0.039945479609064,0.104329681794471
"SPU_015085",8,11.0585353863354,7.05879106416601,2.4956595142254,5.90129701105564,-0.193793338261207,3.7925301142124,"SP-FAM116A",61.3333333333333,441.333333333333,0,138,28353,2208,26145,0.0613333333333333,0.0168802192898578,0.0625
"SPU_015145",10,0,0,0,0,0.0495882616852946,8.49960846951708,"SP-SFPQL",8.66666666666667,428.333333333333,0,216,10476,2014,8462,0.00866666666666667,0.0506184511147877,0.107249255213505
"SPU_015155",5,1.42494929006085,3.18628347706613,1.42494929006085,3.95629348154452,0.114790395840846,2.24126129363598,"SP-PRRDH",6.66666666666667,43.3333333333333,2.66666666666667,3.33333333333333,11767,623,11144,0.00666666666666667,0.00388849006939459,0.00535045478865704
"SPU_015182",5,0,0,0,0,-0.106169787648208,2.54517809382821,"SP-HYPP_2196",22.3333333333333,705.333333333333,287.333333333333,179,19743,1111,18632,0.0223333333333333,0.0378560183197367,0.161116111611161
"SPU_015280",6,0.441919191919192,1.08247652774509,0.441919191919192,1.13598944756655,5.46323596715153,4.81746863665479,"SP-HYPP_778",68.6666666666667,110.666666666667,110.666666666667,13.6666666666667,6333,2059,4274,0.0686666666666667,0.0258929964124162,0.0066375263072689
"SPU_015372",6,96.6885288001388,2.22146677123082,0.90691001167726,2.33128640257428,0.0598672136241952,6.23804847156909,"SP-SARDH_1",109.666666666667,219,0,117.333333333333,3465,803,2662,0.109666666666667,0.0822689706987228,0.146118721461187
"SPU_015375",8,0.462662337662337,1.30860670544264,0.462662337662337,1.09402258393497,0.0645287916888501,3.95038222173326,"SP-BLOC1S1",71.3333333333333,238.666666666667,90.6666666666667,98,3854,592,3262,0.0713333333333333,0.0731657469854895,0.165540540540541
"SPU_015525",7,0.206359139400441,0.545974963618879,0.206359139400441,0.504942623791017,-0.474731805409868,0.166301348688022,NA,0,0,0,0,0,0,0,0,0,0
"SPU_015544",11,1.18828023384147,2.81291142169489,0.848124704933375,1.88973960639145,-0.0448295379762834,5.44202493722239,NA,0,0,0,0,0,0,0,0,0,0
"SPU_015719",6,2.58852258852259,4.20419107799319,1.71635382037415,4.41202795417877,0.146116411091753,5.46452654716047,"SP-FOXL1",136.666666666667,28.6666666666667,0,12.3333333333333,1565,1565,0,0.136666666666667,0,0.00788072417465389
"SPU_015763",8,0,0,0,0,0.181398097585893,7.78646191403634,"SP-MSP130R5",57.6666666666667,385.666666666667,0,137,20506,4012,16494,0.0576666666666667,0.023382240006467,0.0341475573280159
"SPU_015887",7,0.745550745550746,1.97254186250607,0.745550745550746,1.82429695491809,-0.0331575831832859,5.97210191447677,NA,0,0,0,0,0,0,0,0,0,0
"SPU_015921",13,0.505636604774536,1.82309870526611,0.505636604774536,1.10168752163214,0.451715840035648,1.61494183100286,"SP-ADI",78.6666666666667,862.333333333333,307.666666666667,355,30819,3160,27659,0.0786666666666667,0.0311773141955,0.112341772151899
"SPU_015938",16,0.898220015725275,2.16802437602317,0.542006094005794,1.15525864275928,0.0838183085395838,3.8843610659876,"SP-SRCR129",42,197,108.666666666667,257.666666666667,10454,2531,7923,0.042,0.0248643190710589,0.101804293428158
"SPU_015958",5,15.2625152625153,10.7882247300118,4.82464077057015,13.3953502517872,-2.21376272207891,2.45428576076491,"SP-PPPL_201",127.333333333333,1.33333333333333,0,23.6666666666667,4475,2828,1647,0.127333333333333,0.000809552722121028,0.00836869401225837
"SPU_015968",7,1.56119617178281,2.27212822070554,0.858783745548362,2.10136812455295,-1.12215028011817,1.29155401228008,"SP-HRH2_3",3.66666666666667,265.666666666667,0,132,1577,1570,7,0.00366666666666667,37.952380952381,0.0840764331210191
"SPU_015987",6,0,0,0,0,0.64608393959988,0.648104060800284,"SP-HAO1_9",64,324,0,97.6666666666667,9548,1128,8420,0.064,0.038479809976247,0.0865839243498818
"SPU_016035",5,0.363636363636364,0.813115628181742,0.363636363636364,1.00961640189011,-0.0373043164134491,3.63134326713536,"SP-SMG7",94.3333333333333,1132.66666666667,208,167.333333333333,188360,1596,186764,0.0943333333333333,0.00606469483769178,0.10484544695071
"SPU_016128",6,3.26000690131125,4.75145177394637,1.9397720639351,4.98634283282632,0.13723345308627,6.15762530912556,"SP-DELTA",138,829.666666666667,0,323,12789,2381,10408,0.138,0.079714322316167,0.135657286854263
"SPU_016135",9,0,0,0,0,0.384096525543495,2.78815289761962,"SP-GAL3ST1_9",31.3333333333333,68.3333333333333,68.3333333333333,16.3333333333333,1139,1139,0,0.0313333333333333,0,0.0143400643839625
"SPU_016246",6,2.83597283322425,2.14937258601161,0.877477683809134,2.25562819517598,0.224190259394504,5.49943075217363,"SP-HYPP_2254",88.6666666666667,125.333333333333,125.333333333333,211.333333333333,4371,1805,2566,0.0886666666666667,0.0488438555468953,0.117082179132041
"SPU_016263",20,0.348069105691057,1.55661236238552,0.348069105691057,0.72851701080777,-0.246571779668891,3.53326586978175,NA,0,0,0,0,0,0,0,0,0,0
"SPU_016451",7,94.9882498453927,8.67046784429646,3.27712880951296,8.01884532172587,-0.0739141826809732,3.26393187384542,"SP-SNX17",69.6666666666667,232,0,106,12134,1470,10664,0.0696666666666667,0.0217554388597149,0.072108843537415
"SPU_016471",5,0,0,0,0,1.52936094930986,1.6059612529458,NA,0,0,0,0,0,0,0,0,0,0
"SPU_016483",6,22.9201217781869,5.17961354879082,2.11456837655731,5.4356710589892,0.0728415329687883,1.54094578300512,"SP-ENDRVT30",143.666666666667,5.66666666666667,5.66666666666667,3.33333333333333,2363,2363,0,0.143666666666667,0,0.00141063619692481
"SPU_016490",5,4.26473526473526,8.55614204294874,3.82642304663546,10.6238535382471,-0.105552168860612,4.81590696386951,NA,0,0,0,0,0,0,0,0,0,0
"SPU_016492",5,4.26473526473526,8.55614204294874,3.82642304663546,10.6238535382471,0.247172755282821,4.38926359553274,"SP-MGST3",73,37.6666666666667,0,27.6666666666667,5650,514,5136,0.073,0.00733385254413292,0.0538261997405966
"SPU_016506",8,1.66823308270677,3.09916342388483,1.09571973651714,2.59096546191729,0.119302725091945,7.36707565726932,"SP-MSP130R2",70.6666666666667,146.333333333333,32.3333333333333,139.333333333333,7597,2100,5497,0.0706666666666667,0.0266205809229277,0.0663492063492064
"SPU_016541",10,73.7058057456626,31.8349331277128,10.067089784272,22.7733392640236,-0.08647626571119,4.81070745637005,"SP-HYPP_2264",56,135,8.66666666666667,138.666666666667,11115,3098,8017,0.056,0.0168392166645878,0.0447600602539273
"SPU_016592",5,2.61865079365079,3.6078828453261,1.61349425940091,4.47977823877838,0.17724656291913,2.1449600557335,NA,0,0,0,0,0,0,0,0,0,0
"SPU_016609",11,0.209678974260098,0.467446946667528,0.140940557408497,0.314035131782473,0.186492919950876,2.21702419374442,"SP-BCDO",158.666666666667,1658,842.333333333333,249.666666666667,21772,1740,20032,0.158666666666667,0.082767571884984,0.143486590038314
"SPU_016642",15,1.37037037037037,3.71265452808563,0.958603277166481,2.05599954786105,0.172071295081333,5.90280613349238,"SP-HYPP_132",10,9,9,17.3333333333333,6181,6181,0,0.01,0,0.00280429272501753
"SPU_016643",10,36.6719575087222,20.1563729731624,6.37400479630532,14.4190006056722,-0.38492449476203,1.61320173117275,NA,0,0,0,0,0,0,0,0,0,0
"SPU_016684",10,1.71243451888613,4.6357386201076,1.46594926767461,3.31620763616889,-0.155940283728878,2.214192926256,NA,0,0,0,0,0,0,0,0,0,0
"SPU_016817",5,0,0,0,0,0.105790531415056,6.16126450771305,NA,0,0,0,0,0,0,0,0,0,0
"SPU_016908",5,97.1816959797719,3.9653265143604,1.77334792781843,4.92360317400413,-0.272563906588194,1.2981913737084,"SP-HYPP_851",59.6666666666667,0,0,0,5228,2897,2331,0.0596666666666667,0,0
"SPU_016992",5,0,0,0,0,0.243811335056294,5.53961103164743,"SP-C19ORF22L",19.6666666666667,36,0,31.6666666666667,9829,1338,8491,0.0196666666666667,0.00423978329996467,0.0236671649227703
"SPU_016998",7,0,0,0,0,0.313380842634088,2.25458557270163,"SP-HYPP_853",122.666666666667,91.6666666666667,29.3333333333333,54.3333333333333,1805,1805,0,0.122666666666667,0,0.0301015697137581
"SPU_017058",6,97.7660412582327,2.55449697243998,1.04286902199374,2.68078016488491,-0.254488785338292,3.9175876374919,"SP-CBS",62.6666666666667,258.333333333333,0,159.666666666667,7453,1289,6164,0.0626666666666667,0.0419100151416829,0.123868632014482
"SPU_017133",6,98.7976827094474,1.90962384648281,0.779600670755635,2.00402732329432,-0.231409340732651,2.39227847507578,"SP-PEF1",91.3333333333333,184.333333333333,0,60,1911,563,1348,0.0913333333333333,0.136745796241345,0.106571936056838
"SPU_017134",5,0.807976190291942,1.7031754767834,0.761683228739658,2.11477167214548,0.105652727949632,4.64875725192031,NA,0,0,0,0,0,0,0,0,0,0
"SPU_017142",5,0.13986013986014,0.312736780069901,0.13986013986014,0.388314000726964,-0.127423070732385,2.79776938847787,"SP-MRPL15",46.3333333333333,113.666666666667,0,82,6542,925,5617,0.0463333333333333,0.0202361877633375,0.0886486486486486
"SPU_017155",17,99.3731932080368,1.07734857131521,0.261295409125935,0.553921522468256,0.12743446316298,2.87755598476151,"SP-RABL2L",93,284.666666666667,228,0,26952,321,26631,0.093,0.0106892969346501,0
"SPU_017183",6,0,0,0,0,-0.234888389895107,3.15612601515771,"SP-HYPP_864",59.6666666666667,41,0,46,11171,2037,9134,0.0596666666666667,0.004488723450843,0.0225822287677958
"SPU_017193",5,0,0,0,0,0.127822848540496,7.35515616065035,"SP-BCOR",59.6666666666667,221.666666666667,0,107.333333333333,7865,2744,5121,0.0596666666666667,0.0432858165722841,0.0391156462585034
"SPU_017218",6,1.12052730696799,2.74472014492654,1.12052730696799,2.88040714162638,0.212003882774074,2.67166254527303,NA,0,0,0,0,0,0,0,0,0,0
"SPU_017259",11,1.9568585819429,3.76268700893847,1.13449281929032,2.52780752796021,0.0269355415208619,5.87388001075068,"SP-DNAJHC10",104.333333333333,388.333333333333,0,282,17117,5017,12100,0.104333333333333,0.0320936639118457,0.0562088897747658
"SPU_017289",6,97.8648610949019,3.70116770620826,1.51099538877958,3.88413730012701,-0.334143017841368,5.30701849437287,"SP-KIFC1",84.3333333333333,539.666666666667,0,161,27541,1753,25788,0.0843333333333333,0.0209270461713458,0.091842555618939
"SPU_017381",5,1.20963065744812,1.24530542127028,0.556917514941871,1.54625090835928,0.0211005662449853,1.76834181445734,NA,0,0,0,0,0,0,0,0,0,0
"SPU_017573",6,94.1934976983427,5.01571724022257,2.04765798877099,5.26367243153029,-0.113461934221287,2.37921228013454,"SP-CDIPT",45,82.3333333333333,0,30,10096,590,9506,0.045,0.00866119643733782,0.0508474576271186
"SPU_017726",11,0,0,0,0,0.0272790819042352,5.76296551677179,"SP-LKTNH",59,235.333333333333,0,250.333333333333,12263,3688,8575,0.059,0.027444120505345,0.0678778018799711
"SPU_017741",5,79.7880781499203,36.6478569378082,16.3894198685253,45.5043245709985,0.179782480550761,1.71269835571142,NA,0,0,0,0,0,0,0,0,0,0
"SPU_017791",10,0.477593694919772,0.692441755528578,0.21896930944758,0.495342991799819,0.175961528161322,3.62373571743638,"SP-FCOLF_1",36.3333333333333,536.666666666667,342,164.333333333333,23183,1696,21487,0.0363333333333333,0.0249763422844821,0.0968946540880503
"SPU_017808",6,70.0320704917892,12.3103309475888,5.02567156439752,12.9189000353142,0.237702246771459,2.05933952347798,NA,0,0,0,0,0,0,0,0,0,0
"SPU_017959",8,1.72868974921448,3.12601728861124,1.1052140114417,2.61341585465518,-0.000404304352369815,6.13039413116419,"SP-BCDPH",123.333333333333,224.666666666667,203.333333333333,296,10879,3174,7705,0.123333333333333,0.0291585550508328,0.0932577189666037
"SPU_017985",10,0,0,0,0,-0.241111195066927,7.97764434461692,NA,0,0,0,0,0,0,0,0,0,0
"SPU_018136",8,0,0,0,0,0.138270751198892,3.56637413247466,"SP-NOTCH1-14",7.66666666666667,679.666666666667,0,166,31957,3278,28679,0.00766666666666667,0.023699106198496,0.050640634533252
"SPU_018191",5,93.1623033828916,12.5511788931569,5.61305784057187,15.5843469666479,-0.242598662122992,4.39661239792407,"SP-MAPKKK9_1",137.666666666667,1334,0,79,46649,2477,44172,0.137666666666667,0.0302001267771439,0.031893419459023
"SPU_018254",5,10.6502557492882,2.42222128985117,1.08325029213089,3.00758497129089,0.0885128322896059,2.05012690363974,"SP-LANCL",41.3333333333333,671,39.3333333333333,224.666666666667,12354,1341,11013,0.0413333333333333,0.0609279941886861,0.167536664180959
"SPU_018423",5,98.0146720846208,2.90643873789969,1.29979891807648,3.60882034383483,-0.179864754040537,5.94719734261769,"SP-ASH2",83.6666666666667,1210.33333333333,0,567.333333333333,24869,4676,20193,0.0836666666666667,0.0599382624341769,0.12132877102937
"SPU_018434",7,3.04960944000839,3.15266167535412,1.19159410870161,2.91572574633649,-0.0323013284836877,6.03668010811657,"SP-VPS25",212,108.666666666667,0,46,5606,1600,4006,0.212,0.0271259777001165,0.02875
"SPU_018466",8,1.3327205882353,3.76950306147242,1.3327205882353,3.15138342353819,0.204071400460255,0.741591402065168,"SP-AKRL",122.666666666667,269,93,132,9854,784,9070,0.122666666666667,0.0296582138919515,0.168367346938776
"SPU_018635",12,0.189393939393939,0.656079851351847,0.189393939393939,0.416853250017355,0.684457657818282,2.51067724745234,"SP-ALOX5_7",65,335,169.333333333333,49.6666666666667,22799,1773,21026,0.065,0.0159326548083325,0.028012784357962
"SPU_018664",33,1.38845610275684,2.99151199500389,0.520755395853631,1.06074402960103,0.0893469507095161,2.73875660055697,NA,0,0,0,0,0,0,0,0,0,0
"SPU_018696",5,0,0,0,0,0.271554307677982,0.17859479863942,"SP-HYPP_920",74,138,0,124.666666666667,7364,1652,5712,0.074,0.0241596638655462,0.0754640839386602
"SPU_018698",28,0.773684473789517,2.55760358693851,0.483341645951862,0.99173513904984,-0.0488943467153964,2.91596133967354,"SP-EGFIA_8",98.3333333333333,8.33333333333333,8.33333333333333,53.6666666666667,3763,2481,1282,0.0983333333333333,0.00650026001040042,0.0216310627435174
"SPU_018789",13,1.90640860409658,2.51372450779624,0.697181738865372,1.51902851724958,0.113962616002267,6.23561694874917,"SP-HYPP_921",33,96.6666666666667,0,222,9687,3459,6228,0.033,0.0155213016484693,0.0641803989592368
"SPU_018815",6,1.34271099744246,3.28895681575746,1.34271099744246,3.45154850053469,0.426942219802601,1.7397441501117,"SP-HYPP_2406",83.3333333333333,1364.33333333333,140.333333333333,309.666666666667,28027,1022,27005,0.0833333333333333,0.0505215083626489,0.303000652315721
"SPU_018908",9,0.563400370845813,1.69020111253744,0.563400370845813,1.29920358494601,0.120255664678535,7.35699582923124,"SP-SIX3",253.666666666667,823.666666666667,823.666666666667,22,17071,3838,13233,0.253666666666667,0.0622433814453765,0.00573215216258468
"SPU_018997",6,1.36579994316567,2.42525310211048,0.990105432878786,2.54514704112304,0.536823248953114,0.231951182585544,"SP-RHO",174.666666666667,0,0,0,1139,1139,0,0.174666666666667,0,0
"SPU_019010",9,0.444444444444444,1.33333333333333,0.444444444444444,1.02489072675741,0.0563970156726185,4.85280557663035,"SP-HYPP_3010",168,1100,0,344,8665,2154,6511,0.168,0.168944862540316,0.159702878365831
"SPU_019016",5,6.01060606060606,8.51257879944482,3.80694097187643,10.5697626271433,-0.429032675820383,1.49044912895702,"SP-DHRSX_3",4.33333333333333,99.6666666666667,0,24.6666666666667,8337,771,7566,0.00433333333333333,0.0131729667812142,0.0319930825767402
"SPU_019024",8,1.9250170998632,3.59522745275675,1.27110485587617,3.00568536852213,0.0212085511477202,9.15203155146347,"SP-CBP",143.333333333333,1341.66666666667,0,729.333333333333,29757,9485,20272,0.143333333333333,0.066183241252302,0.0768933403619751
"SPU_019046",7,0.869176000333097,2.29962354242717,0.869176000333097,2.12679705594584,0.15994942005142,7.67274765817373,"SP-PCCB",72.3333333333333,286,6,138.666666666667,16463,3645,12818,0.0723333333333333,0.0223123732251521,0.0380429812528578
"SPU_019065",6,99.6124031007752,0.600462534295712,0.245137803113823,0.630146783912184,0.207801374319617,0.720117959185972,"SP-HYPP_2419",162,189.333333333333,134,22.3333333333333,12586,2867,9719,0.162,0.0194807421888397,0.00778979188466457
"SPU_019107",6,0.876996861261522,1.04031476244836,0.424706723313862,1.09174338842323,0.039993408344325,4.82186946172961,NA,0,0,0,0,0,0,0,0,0,0
"SPU_019138",7,0.255102040816327,0.67493655894505,0.255102040816327,0.624212206924738,0.728419908452756,1.85579696057919,"SP-LHH2BE",86.6666666666667,0,0,13.3333333333333,371,371,0,0.0866666666666667,0,0.0359389038634322
"SPU_019170",9,0.398860398860399,1.1965811965812,0.398860398860399,0.919773729141263,0.463387733685462,4.58954117192765,NA,0,0,0,0,0,0,0,0,0,0
"SPU_019173",6,0.347222222222222,0.850517271799713,0.347222222222222,0.892563137373719,-0.00680318999447939,1.63328176644341,"SP-HYPP_929",158.333333333333,0,0,0,1820,1820,0,0.158333333333333,0,0
"SPU_019198",20,0.313725490196079,1.40302304470575,0.313725490196078,0.65663499746143,0.118121489937698,4.87458402411935,NA,0,0,0,0,0,0,0,0,0,0
"SPU_019290",36,0.183998100664767,1.1039886039886,0.183998100664767,0.373536002942549,-0.0663318537784708,2.89110619772177,"SP-OTP",130.333333333333,1013.66666666667,60.6666666666667,145.333333333333,23053,1095,21958,0.130333333333333,0.0461638886358806,0.132724505327245
"SPU_019329",12,0.373320059731209,1.2932186218782,0.373320059731209,0.821671911432916,0.34256870698046,2.66592483750047,NA,0,0,0,0,0,0,0,0,0,0
"SPU_019388",5,0,0,0,0,-0.420072768035263,2.49830870949857,"SP-SLCO4A1_12",6,14,0,15,8734,1587,7147,0.006,0.0019588638589618,0.00945179584120983
"SPU_019390",7,0.630252100840336,1.66749032209953,0.630252100840336,1.54217133475523,-0.39463580175934,5.02485260183767,"SP-AGO1",40.6666666666667,297,17.3333333333333,80.6666666666667,10035,1292,8743,0.0406666666666667,0.0339700331693927,0.0624355005159959
"SPU_019538",10,1.5978835978836,3.5792519968424,1.13185886297278,2.5604426341505,0.0749229375496146,4.69314849988109,"SP-HYPP_938",118,280,0,285,13672,2925,10747,0.118,0.0260537824509165,0.0974358974358974
"SPU_019553",7,0,0,0,0,-0.0528783694962458,6.54396954876846,"SP-AK",72.6666666666667,711,0,308.666666666667,18828,2741,16087,0.0726666666666667,0.0441971778454653,0.11261096923264
"SPU_019600",8,0.588624338624339,1.66488104565087,0.588624338624339,1.39187538618887,-0.161280510837483,0.535888610196632,"SP-HYPP_2454",44.6666666666667,710.666666666667,132,149.333333333333,30297,682,29615,0.0446666666666667,0.0239968484439192,0.218963831867058
"SPU_019613",6,1.76177061495458,3.457045776367,1.41133302825714,3.62794704647141,-0.452935919096185,5.09151720676746,"SP-NOTCH1_16",57.3333333333333,223,0,3.66666666666667,49265,6111,43154,0.0573333333333333,0.00516753950966307,0.00060001090928926
"SPU_019707",11,0.460126875221214,1.52606820106745,0.460126875221215,1.02522656752343,0.149297370711807,4.75995291945201,"SP-HYPP_942",59.3333333333333,237.666666666667,57.6666666666667,95.3333333333333,16833,2588,14245,0.0593333333333333,0.0166842166842167,0.0368366821226172
"SPU_019803",7,99.8257839721254,0.46093228415761,0.17421602787457,0.426291263265689,-0.0806209333122018,7.61116202882311,"SP-BAMACAN",73.3333333333333,834,0,544.666666666667,29953,5146,24807,0.0733333333333333,0.0336195428709638,0.105842725741676
"SPU_019894",46,0.887673181123207,1.97395260481256,0.291043433410618,0.586191565543843,-0.505894518990722,5.14376552531614,NA,0,0,0,0,0,0,0,0,0,0
"SPU_019904",5,2.45,5.47836654487448,2.45,6.80229050773459,-0.0535841771428538,3.50540351363114,NA,0,0,0,0,0,0,0,0,0,0
"SPU_019955",5,0,0,0,0,-0.017733053191023,2.73039484341053,"SP-REPS1L_1",42.6666666666667,112,58.3333333333333,15,31992,1395,30597,0.0426666666666667,0.00366048959048273,0.010752688172043
"SPU_020054",6,3.65786185160279,5.90172230902249,2.40936804345088,6.19347772785743,-0.0303854639134888,6.81285389883742,"SP-DAPLE",94.3333333333333,2436.33333333333,0,202.333333333333,71480,5978,65502,0.0943333333333333,0.0371947930343094,0.0338463254154121
"SPU_020057",6,0.85064167510976,2.08363805796526,0.85064167510976,2.1866440386724,-0.370659473590413,0.301057819778581,NA,0,0,0,0,0,0,0,0,0,0
"SPU_020073",8,0.324675324675325,0.918320495047465,0.324675324675325,0.767735146621035,0.099944008740857,7.46990538307458,"SP-CCDC104",50.6666666666667,362,0,214.666666666667,13239,4003,9236,0.0506666666666667,0.0391944564746644,0.053626446831543
"SPU_020096",6,0,0,0,0,0.0753521368455988,5.174954922489,"SP-CHST4",109.333333333333,809.666666666667,558.333333333333,74.3333333333333,1453,1453,0,0.109333333333333,0,0.0511585225969259
"SPU_020108",6,0,0,0,0,0.112094417718281,6.49726692483619,NA,0,0,0,0,0,0,0,0,0,0
"SPU_020124",9,3.07316083663902,5.77287083529484,1.92429027843161,4.43742133939648,0.209875978246873,7.67184853155774,"SP-ELFA",143,31.6666666666667,0,21.6666666666667,8010,3240,4770,0.143,0.006638714185884,0.00668724279835391
"SPU_020168",5,61.5667593463347,34.8949303436936,15.6054872637238,43.3277787275925,-0.0377184422444156,4.77153660946333,"SP-NRBP",78,602.666666666667,51,191.333333333333,30625,1373,29252,0.078,0.020602579880578,0.139354212187424
"SPU_020313",5,0.24390243902439,0.545382433536533,0.24390243902439,0.677181732975071,-0.254741498481316,0.708794367349148,NA,0,0,0,0,0,0,0,0,0,0
"SPU_020381",6,6.80825881702006,2.24988438197213,0.918511452681468,2.36110885608691,-1.90032307798005,0.936232027503408,"SP-RXFP2L_5",50,0,0,24.3333333333333,1757,1290,467,0.05,0,0.0188630490956072
"SPU_020391",13,98.4185405238037,3.6558288049403,1.01394447773311,2.20919523665515,-0.246361753648009,2.6998510087569,"SP-COX10",98.3333333333333,28,0,60.6666666666667,4157,1314,2843,0.0983333333333333,0.00984875131902919,0.0461694571283612
"SPU_020405",9,83.261123807857,24.5254307598425,8.17514358661418,18.8519149166201,0.0759099952812822,4.8772507588942,"SP-ARMC6",89,158.333333333333,0,116.333333333333,8023,1428,6595,0.089,0.0240080869345464,0.0814659197012138
"SPU_020407",10,0.259448416751788,0.820447932260235,0.259448416751788,0.586913094331711,-0.446326336265698,2.61935963124192,"SP-PARP16",94.6666666666667,270.333333333333,0,112,6667,844,5823,0.0946666666666667,0.0464250958841376,0.132701421800948
"SPU_020457",10,0,0,0,0,0.260131657517292,3.26873205702389,"SP-B7L3",79.6666666666667,0,0,0,1930,1687,243,0.0796666666666667,0,0
"SPU_020487",7,98.9667774086379,1.78388198250407,0.674244013427808,1.64981566702005,0.0988538797551611,7.69964072560052,NA,0,0,0,0,0,0,0,0,0,0
"SPU_020495",7,93.1656224088176,4.80306521898711,1.81538801432341,4.44209444667448,-0.264866130988168,4.61903866832387,"SP-HYPP_2509",76.6666666666667,141.333333333333,0,22,4599,1139,3460,0.0766666666666667,0.0408477842003854,0.019315188762072
"SPU_020575",12,0.596438172043011,2.066122435104,0.596438172043011,1.31275156557885,-0.0751131909246238,5.36570122423365,"SP-TBC1D30",126.333333333333,180.666666666667,0,334,19632,2725,16907,0.126333333333333,0.0106859091894876,0.12256880733945
"SPU_020600",5,2.01923076923076,4.51513726225917,2.01923076923076,5.60628338549552,0.155117286834804,7.1086155278104,"SP-GPM6B",119.666666666667,1.33333333333333,0,153.333333333333,6230,3714,2516,0.119666666666667,0.000529941706412295,0.0412852270687489
"SPU_020617",5,1.66666666666667,3.72677996249965,1.66666666666667,4.62740850866299,0.526496403639301,3.45291595597227,"SP-TYMP",16.3333333333333,294.666666666667,192.333333333333,101.333333333333,22537,1179,21358,0.0163333333333333,0.0137965477416737,0.0859485439638111
"SPU_020732",5,0,0,0,0,-0.0315043715012087,-0.0229512724161373,"SP-HYPP_988",84.3333333333333,232.333333333333,232.333333333333,21,17565,2746,14819,0.0843333333333333,0.0156780709449581,0.00764748725418791
"SPU_020874",6,100,0,0,0,0.496218970059158,0.185962573006865,"SP-RT4",24.6666666666667,1.66666666666667,0,3,3011,3011,0,0.0246666666666667,0,0.000996346728661574
"SPU_020875",11,97.0355303610118,3.95659304897416,1.19295769014323,2.65807537818394,-0.0063924318450008,7.48594106062145,"SP-DYSF_1",29.6666666666667,1101.33333333333,0,133.333333333333,90701,3215,87486,0.0296666666666667,0.0125886808556036,0.0414722654224987
"SPU_020877",8,28.0989451126266,3.72481232636505,1.31692002730998,3.11402103398542,0.00903679326280249,0.979937723498567,"SP-HYPP_1001",17,0,0,0,2188,1918,270,0.017,0,0
"SPU_020920",12,0.104166666666667,0.360843918243516,0.104166666666667,0.229269287509546,0.281834021595943,11.0924638541496,"SP-ACTININ",112,2298.66666666667,1484.66666666667,109.666666666667,51582,5415,46167,0.112,0.0497902542219912,0.0202523853493383
"SPU_020958",7,0.98286709425759,1.81364075651397,0.685491772763859,1.67733794263826,-0.0817080961406431,6.12628162206028,"SP-HYPP_1006",173.666666666667,1023.33333333333,0,80.6666666666667,31656,5720,25936,0.173666666666667,0.0394560970594283,0.0141025641025641
"SPU_021038",5,98.3118868248249,3.04900585078911,1.3635568692318,3.78584079523747,-0.0385916942582656,1.7365387260449,"SP-CEP78",106.333333333333,0,0,0,8328,2840,5488,0.106333333333333,0,0
"SPU_021109",10,0.681818181818182,2.15609840466026,0.681818181818182,1.54237988372605,0.0994928292940805,5.57508905799974,"SP-LETM1",73.6666666666667,58,0,54.3333333333333,7496,1718,5778,0.0736666666666667,0.0100380754586362,0.0316259216142802
"SPU_021154",14,1.73292148071052,3.46186020108478,0.925221056669114,1.99881857112734,0.171696955140295,4.82375969032434,"SP-HSP40F",96.6666666666667,314.333333333333,0,101.666666666667,10536,1067,9469,0.0966666666666667,0.0331960432287816,0.0952827241487035
"SPU_021185",7,2.01209473150963,3.59199768131415,1.35764751066827,3.32204378353165,0.423642909095289,4.38633402793951,"SP-CYP17R3",36.3333333333333,255.333333333333,0,135,10126,1097,9029,0.0363333333333333,0.028279248347916,0.12306289881495
"SPU_021217",11,97.0355303610118,3.95659304897416,1.19295769014323,2.65807537818394,-0.250813653906147,4.79764830161329,"SP-DYSF2",28.3333333333333,0,0,0,42590,3297,39293,0.0283333333333333,0,0
"SPU_021412",12,99.5442036463708,1.32686452204694,0.383032794490983,0.843049496503084,0.0866775862602536,6.09774827264337,"SP-BAG1",74,380.333333333333,123.666666666667,136.666666666667,9671,2673,6998,0.074,0.0543488615794989,0.0511285696470882
"SPU_021556",5,0.5,1.11803398874989,0.5,1.3882225525989,-0.126406184738822,7.10699582258092,"SP-HYPP_3033",132,85.6666666666667,13.3333333333333,23,7641,4083,3558,0.132,0.0240771969271126,0.0056331129071761
"SPU_021567",6,4.32173760347134,4.76296223912453,1.94447119166652,4.99842232521606,-0.211060654627958,3.04218520264593,"SP-KCTD1L_6",61.6666666666667,62,0,28.6666666666667,3927,1589,2338,0.0616666666666667,0.0265183917878529,0.0180406964547934
"SPU_021588",6,2.81009839833369,3.39354017730322,1.38540697600447,3.56130200748093,0.359541829708459,2.75839227823258,"SP-ADRA1A",96.6666666666667,129,24.3333333333333,195.333333333333,4194,1864,2330,0.0966666666666667,0.0553648068669528,0.104792560801144
"SPU_021618",6,66.6339785285254,24.5047741654714,10.0040321612567,25.716183356848,0.150927188020793,4.78421688178367,"SP-CEP164L",111.666666666667,373.666666666667,0,120,14250,2052,12198,0.111666666666667,0.0306334371754933,0.0584795321637427
"SPU_021637",18,1.49106895886509,2.81362713420867,0.663178275443141,1.39918385641057,0.287006998254145,4.79882640203627,"SP-HYPP_2567",125.333333333333,0,0,0,1537,1537,0,0.125333333333333,0,0
"SPU_021652",8,0.807291666666666,2.28336564758156,0.807291666666666,1.90894145310876,0.513971293953044,5.71871810063603,NA,0,0,0,0,0,0,0,0,0,0
"SPU_021671",13,1.18640276661575,3.06459326038869,0.84996524144406,1.85191517282952,-0.48771406932223,0.0329158499443443,"SP-TMPRSS9_2",26,0,0,0,8154,1752,6402,0.026,0,0
"SPU_021679",9,0.907407407407408,2.72222222222222,0.907407407407408,2.09248523379637,-0.240806668367286,3.13556949251424,NA,0,0,0,0,0,0,0,0,0,0
"SPU_021768",6,0.48846516007533,1.19649039931146,0.48846516007533,1.25563966783083,0.242378700933547,6.71351603064845,"SP-HYPP_2577",132,205.666666666667,73,135,10058,1970,8088,0.132,0.0254286185295087,0.0685279187817259
"SPU_022158",7,27.9055807679761,32.2777864150768,12.1998565322789,29.8519735311016,-0.0673799297098535,9.36005673669975,"SP-HSP701H",101.333333333333,301.666666666667,0,203.666666666667,17165,4166,12999,0.101333333333333,0.0232069133523092,0.0488878220515282
"SPU_022374",8,0,0,0,0,-0.127138264670124,6.56513468932924,NA,0,0,0,0,0,0,0,0,0,0
"SPU_022400",16,0.109011627906977,0.436046511627907,0.109011627906977,0.232352784763057,0.0917315612169717,0.308479501449654,"SP-HYPP_2607",102,168.333333333333,0,23,14777,1397,13380,0.102,0.0125809666168411,0.0164638511095204
"SPU_022439",6,1.06349206349206,2.60501290105513,1.06349206349206,2.73379338075608,0.128677874381044,2.14500594744175,NA,0,0,0,0,0,0,0,0,0,0
"SPU_022526",6,72.5815858615117,10.503230739457,4.28792599373082,11.0224646720372,0.452356862537565,2.30911367612665,NA,0,0,0,0,0,0,0,0,0,0
"SPU_022532",7,6.5414520853917,9.83820921844131,3.71849356260269,9.0988259667388,-0.114992392073478,6.95269062249334,NA,0,0,0,0,0,0,0,0,0,0
"SPU_022576",5,0,0,0,0,-0.282946802314228,6.42224773596185,NA,0,0,0,0,0,0,0,0,0,0
"SPU_022631",6,0,0,0,0,0.0674773235855985,2.80035268492377,"SP-HYPP_2620",122.333333333333,653.666666666667,589,119.333333333333,12865,1224,11641,0.122333333333333,0.0561521060619076,0.0974945533769063
"SPU_022753",5,1.48259303721489,3.31517881418036,1.48259303721489,4.1163381811756,0.862454633633766,5.50992964508848,"SP-SEA/CCP_1",95,1482.66666666667,433.333333333333,1861.33333333333,52116,20975,31141,0.095,0.0476114019031716,0.0887405641636869
"SPU_022816",9,0.534456900277079,1.60337070083124,0.534456900277079,1.23245982212734,-0.246837341569354,1.92848884310025,"SP-ALX4",31,773.333333333333,148.666666666667,185.666666666667,23707,1688,22019,0.031,0.035121183220552,0.109992101105845
"SPU_022820",15,1.26640777603064,3.5835828679961,0.925277117833541,1.98452204496433,-0.134046055306531,9.58947364847859,NA,0,0,0,0,0,0,0,0,0,0
"SPU_022831",10,40.4985462534902,4.88648489766522,1.54524220286369,3.49558071746617,-0.622817189655461,4.98087585426755,"SP-PPPL_134",48.6666666666667,0,0,122.333333333333,5980,5752,228,0.0486666666666667,0,0.0212679647658785
"SPU_022842",6,1.35531135531135,3.31982126311273,1.35531135531136,3.483938751595,0.115099540566589,6.33495665568795,"SP-DBT",82.6666666666667,371.666666666667,0,181.333333333333,23964,4456,19508,0.0826666666666667,0.0190520128494293,0.0406941950927588
"SPU_022846",5,0,0,0,0,-0.0819857896537019,3.94568667870941,"SP-FOXABL",139.666666666667,0,0,0,1104,1104,0,0.139666666666667,0,0
"SPU_022888",5,2.51907856197241,3.61326109365383,1.61589948517304,4.48645621610032,0.100740227884245,6.84254011915208,"SP-UQCRC2",44.3333333333333,1491,148,646.333333333333,13329,2144,11185,0.0443333333333333,0.133303531515422,0.30146144278607
"SPU_022891",11,99.9424626006904,0.190829964922648,0.0575373993095551,0.128201314843868,0.0572943585124943,3.31230388956794,NA,0,0,0,0,0,0,0,0,0,0
"SPU_022924",6,3.16111161749663,5.14975416362743,2.10237833361006,5.40433555601336,-0.103063557794843,6.20970159144145,"SP-GRHPR",66.3333333333333,0,0,0,13155,2653,10502,0.0663333333333333,0,0
"SPU_022939",6,0.601821730644112,1.47415615619677,0.601821730644112,1.54703200908496,0.00644917356577232,4.68438000430605,NA,0,0,0,0,0,0,0,0,0,0
"SPU_023027",9,1.54821494782563,3.11774622984072,1.03924874328024,2.39651189950997,0.0636021617504906,0.629756908967223,"SP-RAD9_1",70,0,0,0,8126,887,7239,0.07,0,0
"SPU_023281",8,0.883287637088734,2.49831471169474,0.883287637088734,2.08864336779211,0.440808917918017,2.95295382792331,NA,0,0,0,0,0,0,0,0,0,0
"SPU_023317",6,0.705128205128205,1.72720430580865,0.705128205128205,1.8125897558974,-0.294798671145293,2.58085731069531,NA,0,0,0,0,0,0,0,0,0,0
"SPU_023324",16,1.16839721077009,3.22739695084632,0.806849237711581,1.7197584410556,-0.213156317083297,7.50592150392024,"SP-NOTCHL_94",71,648,0,206.666666666667,30910,3097,27813,0.071,0.0232984575558192,0.066731245291142
"SPU_023526",5,96.8333333333333,4.34613493680176,1.9436506316151,5.39643928236233,0.207146227333587,3.48568710700184,NA,0,0,0,0,0,0,0,0,0,0
"SPU_023539",5,2.14074074074074,2.96441309784602,1.32572584003489,3.6808050193991,-0.113597424562613,1.91795644480012,NA,0,0,0,0,0,0,0,0,0,0
"SPU_023602",6,0.126262626262626,0.309279007927169,0.126262626262626,0.324568413590444,-0.142468269008247,3.48438150606629,"SP-HYPP_2678",6.33333333333333,113.666666666667,2.66666666666667,66,8433,1179,7254,0.00633333333333333,0.0156695156695157,0.0559796437659033
"SPU_023632",7,0,0,0,0,-0.855495366397692,0.60250931160796,"SP-MFSD10",52.3333333333333,72.6666666666667,0.666666666666667,19.3333333333333,24238,1236,23002,0.0523333333333333,0.00315914558154363,0.0156418554476807
"SPU_023685",10,0.719254589224341,1.50538909762715,0.476045831328738,1.07689048716053,-0.0264605601098843,3.87135771581018,"SP-TAF7",54.6666666666667,283.666666666667,0,276.333333333333,8403,1051,7352,0.0546666666666667,0.0385836053681538,0.262924199175389
"SPU_023723",8,0,0,0,0,0.0400348568461893,3.53447217502599,"SP-ABCC5A",64.6666666666667,13,0,12.3333333333333,10747,4978,5769,0.0646666666666667,0.00225342347027214,0.00247756796571582
"SPU_024051",6,0.964728479133927,2.36309251420937,0.964728479133927,2.47991350478272,-0.199411069792428,0.66912529567021,"SP-HYPP_2705",77.3333333333333,0,0,0,1589,1589,0,0.0773333333333333,0,0
"SPU_024087",5,0.559974030189904,1.25213999713914,0.559974030189904,1.55473715515864,-0.318961389586079,2.29912855497861,"SP-REELER/RING",114.666666666667,874,0,140.333333333333,23977,1515,22462,0.114666666666667,0.0389101593802867,0.0926292629262926
"SPU_024093",7,0.230414746543779,0.609620117756817,0.230414746543779,0.563804573996536,-0.0774077060517286,2.71198541109627,NA,0,0,0,0,0,0,0,0,0,0
"SPU_024181",6,4.12735849056603,10.1099222874306,4.12735849056603,10.6097127650084,-0.27906434574094,2.23160383961341,"SP-NELL1L",25.3333333333333,687,397.333333333333,17.6666666666667,40191,1634,38557,0.0253333333333333,0.0178177762792748,0.010811913504692
"SPU_024191",5,93.6639011321407,13.5122878887981,6.04287885017995,16.7777214048854,0.0982026819588375,5.47682858832835,"SP-ABCC4B",81.3333333333333,755.333333333333,0,110.333333333333,21752,2394,19358,0.0813333333333333,0.0390191824224266,0.0460874408242829
"SPU_024195",6,1.54226664672518,2.73750556694542,1.11758196784078,2.87283590636619,0.277461804760528,2.84834413595928,NA,0,0,0,0,0,0,0,0,0,0
"SPU_024227",10,0.69023569023569,1.48936784714107,0.470979467078727,1.06542957498302,-0.518233856698824,0.180501770441484,"SP-FMO5_6",124.333333333333,0,0,0,1364,280,1084,0.124333333333333,0,0
"SPU_024241",5,100,0,0,0,-0.0529932167018604,4.72418392037042,"SP-CDC37",70.3333333333333,20,0,17.6666666666667,8971,1460,7511,0.0703333333333333,0.00266276128345094,0.0121004566210046
"SPU_024341",6,3.56405720732966,4.34602381485105,1.77425679272818,4.5608722831414,-0.0389772671972746,4.06711616676566,"SP-ANKRD54",142,616.333333333333,360.333333333333,37,20882,1665,19217,0.142,0.0320722970980555,0.0222222222222222
"SPU_024503",6,0.344558113100313,0.843991563831944,0.344558113100313,0.885714826856788,-0.191251232658659,1.71303704555345,"SP-HYPP_2737",87,0,0,0,1058,1058,0,0.087,0,0
"SPU_024919",10,0.916666666666667,2.89875452182102,0.916666666666667,2.07364406589836,0.119637546243084,2.42053689712453,NA,0,0,0,0,0,0,0,0,0,0
"SPU_024936",5,2.33333333333334,4.62147429846345,2.06678613752648,5.73831825502606,-0.0953061967897167,1.15302855822039,NA,0,0,0,0,0,0,0,0,0,0
"SPU_024946",5,2.81150885799507,3.12702034481882,1.39844601160794,3.88270858381226,0.21065412517263,1.33164974472652,NA,0,0,0,0,0,0,0,0,0,0
"SPU_024990",6,2.28099187902305,3.71072315245398,1.51489638337401,3.89416512597238,0.450778449883253,6.92898661172623,"SP-DNAJB9",51,4,4,0,17846,3865,13981,0.051,0.000286102567770546,0
"SPU_024995",5,0.088495575221239,0.197882121902636,0.088495575221239,0.245703106654672,-0.0300074831820426,3.65627011642165,"SP-KIRRELL",100,0,0,0,1634,1634,0,0.1,0,0
"SPU_025007",6,79.7187321195189,5.92706663911436,2.41971482288383,6.22007497112512,-0.682737970092413,0.915184472523973,"SP-HYPP_2762",64.3333333333333,37.6666666666667,0,17,5252,1703,3549,0.0643333333333333,0.010613318305626,0.00998238402818555
"SPU_025128",6,0,0,0,0,0.105139941227437,3.87385791848098,"SP-ST14L_4",86.3333333333333,126.333333333333,18.6666666666667,190,10743,1748,8995,0.0863333333333333,0.0140448397257736,0.108695652173913
"SPU_025191",15,1.1643182299719,3.09889801412458,0.800132026686648,1.71611251941422,-0.102656255988188,5.47967609181966,"SP-HYPP_1142",95,292.666666666667,292.666666666667,212,11518,3499,8019,0.095,0.0364966537806044,0.0605887396398971
"SPU_025193",7,0.127551020408163,0.337468279472524,0.127551020408163,0.312106103462369,-0.0972221981184421,6.60750478547961,NA,0,0,0,0,0,0,0,0,0,0
"SPU_025195",7,0.324675324675324,0.859010165930061,0.324675324675324,0.794451899722391,1.33557348742798,1.34850081999173,"SP-PRSS12L_3",142.666666666667,754,206.333333333333,117,12695,972,11723,0.142666666666667,0.0643180073360061,0.12037037037037
"SPU_025229",7,100,0,0,0,-0.181767719241877,2.8328335825331,NA,0,0,0,0,0,0,0,0,0,0
"SPU_025314",27,1.44380376250055,3.20996119375803,0.61775731976815,1.26981835672055,0.104037882325246,5.26503222007413,"SP-NPFFR2L_4",140.666666666667,0,0,0,1205,1205,0,0.140666666666667,0,0
"SPU_025363",11,0.471508251394399,1.56381595543179,0.471508251394399,1.05058585396397,0.0121203645255817,4.30979622605068,"SP-TTRSPN_20",46.3333333333333,104.333333333333,0,36.3333333333333,14909,616,14293,0.0463333333333333,0.00729961053196203,0.058982683982684
"SPU_025370",14,0.706007844531606,1.80301614766672,0.481876334813564,1.04103053002239,-0.272597274285072,2.49778775602186,NA,0,0,0,0,0,0,0,0,0,0
"SPU_025499",5,0.218035312240786,0.487541779665789,0.218035312240786,0.605363075431203,-0.299347384890514,5.74491710836851,NA,0,0,0,0,0,0,0,0,0,0
"SPU_025699",11,0,0,0,0,-0.197826449029158,3.61778515540669,NA,0,0,0,0,0,0,0,0,0,0
"SPU_025703",6,94.2121767121767,7.31013081353812,2.98434840769415,7.67151180802873,0.105967564008686,4.88720334555642,"SP-GPRK2",81,2138.66666666667,0,224.333333333333,15605,1017,14588,0.081,0.146604515126588,0.220583415273681
"SPU_025711",11,1.21097488696934,2.49844346137492,0.753309047390674,1.67847715604393,0.0833293707538964,5.01563720997931,NA,0,0,0,0,0,0,0,0,0,0
"SPU_025799",8,95.8115130687608,1.57864250185417,0.558134409065192,1.31977815932396,0.101630606618694,1.79239972451436,"SP-TTC39B_1",65.6666666666667,1.33333333333333,0,53.6666666666667,6454,975,5479,0.0656666666666667,0.000243353409989657,0.055042735042735
"SPU_025877",9,0.254375254375254,0.763125763125763,0.254375254375254,0.586590388482948,0.672979396281697,3.3323769880902,NA,0,0,0,0,0,0,0,0,0,0
"SPU_025958",6,0.630952380952382,1.54551138532748,0.630952380952382,1.62191472962768,-0.0569479502291272,1.11712304965587,"SP-FMO2_4",48.3333333333333,0,0,0,5793,752,5041,0.0483333333333333,0,0
"SPU_025995",8,0,0,0,0,0.118645361202655,3.68823435814789,NA,0,0,0,0,0,0,0,0,0,0
"SPU_025996",9,0.256410256410257,0.76923076923077,0.256410256410257,0.591283111590812,0.0993544043308839,3.64979875385676,"SP-NAC",92,392,315.333333333333,95.6666666666667,6134,534,5600,0.092,0.07,0.179151061173533
"SPU_026051",11,2.36181162854363,4.45798998644926,1.34413455492852,2.99491842413352,-0.424639678966628,1.70290069408613,NA,0,0,0,0,0,0,0,0,0,0
"SPU_026245",8,6.14254270070731,8.76106177146458,3.09750309449841,7.32443093663465,0.165590094830467,5.03607233942183,"SP-ECHNL_9",118.333333333333,390,0,15.3333333333333,15722,954,14768,0.118333333333333,0.0264084507042254,0.0160726764500349
"SPU_026315",8,0.585688297448165,1.55297741428072,0.549060430333722,1.29832160915709,0.145222815933907,4.2468994508558,"SP-PIL6L",22,451.666666666667,30.6666666666667,43.3333333333333,27874,818,27056,0.022,0.0166937709442145,0.0529747351263244
"SPU_026383",7,4.21166378871464,8.33020644880364,3.14852209048013,7.70415601678757,-0.051370082393073,2.11173332161532,"SP-SDCCAG1-2",6,0,0,0,14230,1979,12251,0.006,0,0
"SPU_026496",6,1.07142857142857,2.62445329583912,1.07142857142857,2.75419482389605,-0.146830412920096,3.91659248936745,"SP-SOCS4/5",129.666666666667,0,0,0,1911,1911,0,0.129666666666667,0,0
"SPU_026550",13,0.0526870389884088,0.189965820625078,0.0526870389884089,0.114795196505123,0.00315296227485653,10.1826455804326,"SP-REELER/EGF/CUB_1",92,0,0,0,167353,20131,147222,0.092,0,0
"SPU_026724",12,2.60401896124935,3.17344910891794,0.916095848646676,2.01631336809289,-0.0758808825887723,6.21212836423063,"SP-EIF2AK3PERK",129.333333333333,496.333333333333,0,522.666666666667,13820,3311,10509,0.129333333333333,0.0472293589621594,0.157857646229739
"SPU_026845",9,1.4564961787184,2.91253535023305,0.970845116744351,2.23877285385524,-0.475688202619114,1.16083396619841,NA,0,0,0,0,0,0,0,0,0,0
"SPU_026890",10,0.288617886178862,0.617520573620867,0.195277151465563,0.441747606918653,0.0136727123257744,4.95276985739196,"SP-C2ORF24L",58.3333333333333,11.6666666666667,0,21,10058,3122,6936,0.0583333333333333,0.00168204536716647,0.00672645739910314
"SPU_026906",15,2.49595786588268,4.64954747180815,1.20050799504758,2.57483356651695,-0.108469987019718,6.91052236261176,"SP-HNRNPA1L",85,191.333333333333,0,206,6790,2286,4504,0.085,0.0424807578448786,0.0901137357830271
"SPU_027245",15,0.512820512820513,1.98614530574739,0.512820512820513,1.09989060918862,0.109483752059598,6.37102743346538,"SP-ULK1",149,1388.33333333333,0,319.666666666667,37710,4691,33019,0.149,0.0420464984806727,0.0681446741988204
"SPU_027354",8,99.4782456528146,1.16707568921419,0.41262356700066,0.975699693308481,-0.15095627564474,5.76586550697991,"SP-HYPP_1200",60.6666666666667,60.3333333333333,60.3333333333333,473,8991,3205,5786,0.0606666666666667,0.0104274686023735,0.147581903276131
"SPU_027357",8,99.4782456528146,1.16707568921419,0.41262356700066,0.975699693308481,-0.0822723147469555,5.56338172937597,"SP-CWF19L2",102,221,23.6666666666667,112.666666666667,14838,3129,11709,0.102,0.0188743701426253,0.0360072440609353
"SPU_027472",16,0.867605813360531,2.97915862076754,0.744789655191885,1.58748157209637,0.409526847419862,3.9747857273502,NA,0,0,0,0,0,0,0,0,0,0
"SPU_027607",13,99.2400386351999,1.07279063841317,0.297538588818188,0.648280894638151,-0.132360351105058,6.38366992224892,NA,0,0,0,0,0,0,0,0,0,0
"SPU_027673",6,0,0,0,0,0.461159651629771,7.6611497572867,"SP-GLDC",178.666666666667,398.333333333333,0,518.666666666667,11293,4208,7085,0.178666666666667,0.0562220653963773,0.123257287705957
"SPU_027758",8,0.877349091853622,1.24197949499322,0.439106061502174,1.03832084204943,-0.236236747479643,1.69561520903663,"SP-MAN2A1",14.3333333333333,291.666666666667,237,75,20098,1797,18301,0.0143333333333333,0.015937198331603,0.0417362270450751
"SPU_027802",5,25.2504370215367,14.5824939383585,6.52148954552965,18.1065577272844,0.0352771158950028,3.46359648492756,NA,0,0,0,0,0,0,0,0,0,0
"SPU_027888",9,1.02421613806813,2.15210581159103,0.717368603863677,1.65425496697528,-0.0143410164011946,2.83635614907762,"SP-BACE1",107.666666666667,208,0,96.3333333333333,11587,1335,10252,0.107666666666667,0.0202887241513851,0.0721598002496879
"SPU_027993",12,0,0,0,0,0.24651213402642,2.25948322319113,NA,0,0,0,0,0,0,0,0,0,0
"SPU_028003",6,98.3383084577114,4.07029638850536,1.66169154228855,4.27151409503744,0.0339826029623366,5.03861001117948,"SP-MIRO1",76,290.333333333333,0,150,17141,2245,14896,0.076,0.0194906910132474,0.066815144766147
"SPU_028165",16,1.48652511635862,3.59705293781151,0.899263234452879,1.9167342124132,0.0919096761492263,5.4292662176393,"SP-HYPP_2939",125.333333333333,20.3333333333333,17.3333333333333,43.6666666666667,5008,2860,2148,0.125333333333333,0.00946617008069522,0.0152680652680653
"SPU_028166",9,0,0,0,0,0.108562321760454,3.48266659481827,"SP-LNP",36,28.6666666666667,0,20.3333333333333,10726,4091,6635,0.036,0.0043205224817885,0.00497025992014992
"SPU_028203",14,2.27928407416049,3.32799040477957,0.889442848654019,1.92152445194712,0.294814035558286,4.86716115194041,"SP-APOBL",53.3333333333333,360.333333333333,242.666666666667,175,2802,716,2086,0.0533333333333333,0.172738894215404,0.244413407821229
"SPU_028209",11,0.922013562700495,1.60209975487022,0.483051251238625,1.07630526038536,0.0062725274127346,6.94263239229189,"SP-RAB6",79.3333333333333,414.333333333333,46,36.3333333333333,22148,1234,20914,0.0793333333333333,0.0198112906824774,0.0294435440302539
"SPU_028450",8,1.61616711918143,2.76102682975868,0.976170397180178,2.30827619485921,0.0383284991780786,2.3251386765582,"SP-HYPP_2956",141.666666666667,0,0,0,1766,1766,0,0.141666666666667,0,0
"SPU_028575",8,4.59343896843897,8.91659023991088,3.15249071185138,7.45445599016478,0.293190202003434,2.84988914284234,NA,0,0,0,0,0,0,0,0,0,0
"SPU_028798",5,2.82199546485261,4.78848536531431,2.14147575722114,5.94568988403637,0.602688606854632,1.58856238313051,"SP-ABCC9_1",68.6666666666667,1828.66666666667,0,513.333333333333,6757,1304,5453,0.0686666666666667,0.335350571550828,0.393660531697342
"SPU_028851",7,1.58596165739023,2.72516888845601,1.03001702278642,2.52036085993714,-0.214870872191059,1.56306094614517,"SP-TMEM68",65.3333333333333,124.333333333333,30,113,9011,1014,7997,0.0653333333333333,0.0155474969780334,0.111439842209073
"SPU_028913",9,0,0,0,0,0.000664067510027902,5.39173737108978,"SP-MYO1B",89.3333333333333,298,0,19.3333333333333,96001,2183,93818,0.0893333333333333,0.00317636274488904,0.0088563139410597
"SPU_028921",9,0,0,0,0,0.146635870157619,7.42727321756599,"SP-HELLS",42,10,0,45,8300,4279,4021,0.042,0.0024869435463815,0.0105164758121056
